/*
 Navicat Premium Data Transfer

 Source Server         : Local
 Source Server Type    : MySQL
 Source Server Version : 50741 (5.7.41)
 Source Host           : localhost:3306
 Source Schema         : yazilim_egitim_blog_sitesi

 Target Server Type    : MySQL
 Target Server Version : 50741 (5.7.41)
 File Encoding         : 65001

 Date: 11/04/2023 15:30:53
*/

SET NAMES utf8mb4;
SET FOREIGN_KEY_CHECKS = 0;

-- ----------------------------
-- Table structure for article_comments
-- ----------------------------
DROP TABLE IF EXISTS `article_comments`;
CREATE TABLE `article_comments` (
  `id` bigint(20) unsigned NOT NULL AUTO_INCREMENT,
  `user_id` bigint(20) unsigned DEFAULT NULL,
  `article_id` bigint(20) unsigned NOT NULL,
  `parent_id` bigint(20) unsigned DEFAULT NULL,
  `name` varchar(255) DEFAULT NULL,
  `email` varchar(255) DEFAULT NULL,
  `ip` varchar(255) DEFAULT NULL,
  `comment` text NOT NULL,
  `status` tinyint(1) NOT NULL DEFAULT '0',
  `approve_status` tinyint(1) NOT NULL DEFAULT '0',
  `like_count` int(11) NOT NULL DEFAULT '0',
  `created_at` timestamp NULL DEFAULT NULL,
  `updated_at` timestamp NULL DEFAULT NULL,
  `deleted_at` timestamp NULL DEFAULT NULL,
  PRIMARY KEY (`id`)
) ENGINE=InnoDB AUTO_INCREMENT=10 DEFAULT CHARSET=utf8;

-- ----------------------------
-- Records of article_comments
-- ----------------------------
BEGIN;
INSERT INTO `article_comments` (`id`, `user_id`, `article_id`, `parent_id`, `name`, `email`, `ip`, `comment`, `status`, `approve_status`, `like_count`, `created_at`, `updated_at`, `deleted_at`) VALUES (1, 1, 2, NULL, 'Aygün Keçe', 'aygunkece@gmail.com', '172.18.0.1', 'ilk mesaj', 1, 0, 1, '2023-04-03 20:50:37', '2023-04-06 19:59:44', NULL);
INSERT INTO `article_comments` (`id`, `user_id`, `article_id`, `parent_id`, `name`, `email`, `ip`, `comment`, `status`, `approve_status`, `like_count`, `created_at`, `updated_at`, `deleted_at`) VALUES (2, 1, 2, NULL, 'Aygün Keçe', 'aygun@gmail.com', '172.18.0.1', 'İlk mesaj gönderildi.', 1, 0, 0, '2023-04-03 20:50:54', '2023-04-11 09:50:34', NULL);
INSERT INTO `article_comments` (`id`, `user_id`, `article_id`, `parent_id`, `name`, `email`, `ip`, `comment`, `status`, `approve_status`, `like_count`, `created_at`, `updated_at`, `deleted_at`) VALUES (3, 1, 2, NULL, 'Travis Valdez', 'aygun@gmail.com', '172.18.0.1', 'Yeni mesaj', 0, 0, 0, '2023-04-03 20:53:57', '2023-04-03 21:41:47', '2023-04-03 21:41:47');
INSERT INTO `article_comments` (`id`, `user_id`, `article_id`, `parent_id`, `name`, `email`, `ip`, `comment`, `status`, `approve_status`, `like_count`, `created_at`, `updated_at`, `deleted_at`) VALUES (4, 1, 2, NULL, 'Recep Gökdemir', 'recep@gmail.com', '172.18.0.1', 'sen şuan gergin misin?', 0, 0, 0, '2023-04-04 09:49:38', '2023-04-04 09:49:38', NULL);
INSERT INTO `article_comments` (`id`, `user_id`, `article_id`, `parent_id`, `name`, `email`, `ip`, `comment`, `status`, `approve_status`, `like_count`, `created_at`, `updated_at`, `deleted_at`) VALUES (5, 1, 2, 1, 'Sercan Özen', 'sercan@juvenis.com.tr', '172.18.0.1', 'Güzel bir makale.', 0, 0, 0, '2023-04-04 09:51:49', '2023-04-04 09:51:49', NULL);
INSERT INTO `article_comments` (`id`, `user_id`, `article_id`, `parent_id`, `name`, `email`, `ip`, `comment`, `status`, `approve_status`, `like_count`, `created_at`, `updated_at`, `deleted_at`) VALUES (6, NULL, 2, 1, 'Aygün Keçe', 'aygunkece@gmail.com', '172.18.0.1', 'asdsadsasaddsaasddsa', 1, 0, 3, '2023-04-04 10:50:28', '2023-04-06 19:59:45', NULL);
INSERT INTO `article_comments` (`id`, `user_id`, `article_id`, `parent_id`, `name`, `email`, `ip`, `comment`, `status`, `approve_status`, `like_count`, `created_at`, `updated_at`, `deleted_at`) VALUES (7, 1, 2, NULL, 'Aygün Keçe', 'aygunkece@gmail.com', '172.18.0.1', 'yeni mesaj', 1, 1, 0, '2023-04-11 09:42:00', '2023-04-11 09:42:28', NULL);
INSERT INTO `article_comments` (`id`, `user_id`, `article_id`, `parent_id`, `name`, `email`, `ip`, `comment`, `status`, `approve_status`, `like_count`, `created_at`, `updated_at`, `deleted_at`) VALUES (8, 1, 2, NULL, 'Sercan Özen', 'secoo@gmail.com', '172.18.0.1', 'Mesaj deneme 1', 1, 1, 0, '2023-04-11 09:50:20', '2023-04-11 09:50:28', NULL);
INSERT INTO `article_comments` (`id`, `user_id`, `article_id`, `parent_id`, `name`, `email`, `ip`, `comment`, `status`, `approve_status`, `like_count`, `created_at`, `updated_at`, `deleted_at`) VALUES (9, 1, 2, NULL, 'Travis Valdez', 'doyle.asha@example.net', '172.18.0.1', 'sdsadsa', 0, 0, 0, '2023-04-11 12:28:01', '2023-04-11 12:28:01', NULL);
COMMIT;

-- ----------------------------
-- Table structure for articles
-- ----------------------------
DROP TABLE IF EXISTS `articles`;
CREATE TABLE `articles` (
  `id` bigint(20) unsigned NOT NULL AUTO_INCREMENT,
  `title` varchar(255) NOT NULL,
  `slug` varchar(255) NOT NULL,
  `body` text NOT NULL,
  `image` varchar(255) DEFAULT NULL,
  `tags` text,
  `status` tinyint(1) NOT NULL DEFAULT '0',
  `view_count` int(11) NOT NULL DEFAULT '0',
  `like_count` int(11) NOT NULL DEFAULT '0',
  `read_time` int(11) NOT NULL DEFAULT '0',
  `publish_date` datetime DEFAULT NULL,
  `seo_keywords` varchar(255) DEFAULT NULL,
  `seo_description` varchar(255) DEFAULT NULL,
  `user_id` bigint(20) unsigned NOT NULL,
  `category_id` bigint(20) unsigned NOT NULL,
  `created_at` timestamp NULL DEFAULT NULL,
  `updated_at` timestamp NULL DEFAULT NULL,
  PRIMARY KEY (`id`),
  KEY `articles_user_id_foreign` (`user_id`),
  KEY `articles_category_id_foreign` (`category_id`),
  CONSTRAINT `articles_category_id_foreign` FOREIGN KEY (`category_id`) REFERENCES `categories` (`id`) ON DELETE CASCADE,
  CONSTRAINT `articles_user_id_foreign` FOREIGN KEY (`user_id`) REFERENCES `users` (`id`)
) ENGINE=InnoDB AUTO_INCREMENT=67 DEFAULT CHARSET=utf8;

-- ----------------------------
-- Records of articles
-- ----------------------------
BEGIN;
INSERT INTO `articles` (`id`, `title`, `slug`, `body`, `image`, `tags`, `status`, `view_count`, `like_count`, `read_time`, `publish_date`, `seo_keywords`, `seo_description`, `user_id`, `category_id`, `created_at`, `updated_at`) VALUES (2, 'Earline Dare', 'earline-dare', 'Doloribus et est quia vel molestiae. Quo sint in aliquam iusto quis voluptatem et. Aut officiis eius id. Blanditiis cum occaecati pariatur excepturi molestias. Ex sit libero voluptas ducimus.', 'storage/articles/reco.png', 'etiket1, etiket2, etiket3', 1, 196, 81, 409, '2007-05-09 01:46:00', '68897,koch,forges,suite,679,weimannview,id,12509', 'Velit minima quod debitis et. Quasi doloribus ea quam porro. Aut ea et cupiditate explicabo iste possimus. Blanditiis occaecati harum necessitatibus quo voluptatum. mghşkş', 1, 5, '2023-03-26 16:21:29', '2023-04-11 12:28:01');
INSERT INTO `articles` (`id`, `title`, `slug`, `body`, `image`, `tags`, `status`, `view_count`, `like_count`, `read_time`, `publish_date`, `seo_keywords`, `seo_description`, `user_id`, `category_id`, `created_at`, `updated_at`) VALUES (3, 'Roslyn Homenick', 'roslyn-homenick1680389901', 'Et ea consequatur distinctio esse commodi quas. Optio aperiam voluptatibus debitis est enim. Fuga inventore nihil minus numquam alias rem. Quas perferendis est possimus architecto dolores.', 'storage/articles/seco.png', 'recomeco, lorem, ipsum', 1, 71, 17, 973, '2013-08-29 21:00:00', '6615,alysa,parks,halvorsonfurt,mn,85497', 'Repudiandae consequatur quas perspiciatis sint unde. Sint eos et vel deleniti quos aperiam. Velit aspernatur tempora magnam non incidunt dignissimos quis eum.', 1, 8, '2023-03-26 16:21:29', '2023-04-11 07:15:39');
INSERT INTO `articles` (`id`, `title`, `slug`, `body`, `image`, `tags`, `status`, `view_count`, `like_count`, `read_time`, `publish_date`, `seo_keywords`, `seo_description`, `user_id`, `category_id`, `created_at`, `updated_at`) VALUES (4, 'Destiny Waters', 'destiny-waters1680389975', 'Itaque possimus maiores harum quos. Modi voluptas magni veniam. Illum et sapiente et tempora maiores quos quia illum. Sapiente harum et dolorem aliquam ea dolorem. Sint dolorem quia earum aspernatur.', 'storage/articles/ayg.png', 'Nisi ut quos est ex', 0, 53, 62, 301, '2019-05-18 11:50:00', '10591,cameron,river,lake,daija,ca,02928,9965', 'Reprehenderit quis reprehenderit sed impedit adipisci illo. Asperiores atque voluptatibus molestiae minima quis. Corrupti qui aut non. Totam eos cumque et ratione dolorem et exercitationem sed.', 1, 16, '2023-03-26 16:21:29', '2023-04-09 19:35:29');
INSERT INTO `articles` (`id`, `title`, `slug`, `body`, `image`, `tags`, `status`, `view_count`, `like_count`, `read_time`, `publish_date`, `seo_keywords`, `seo_description`, `user_id`, `category_id`, `created_at`, `updated_at`) VALUES (5, 'Icie Boyer', 'icie-boyer1680389989', 'Accusamus nihil est est aut ea. Cupiditate dicta non odit nostrum corrupti et illum pariatur.', 'storage/articles/reco.png', 'Cupidatat Nam tempor', 0, 7, 35, 801, '2000-05-31 20:33:00', '7903,osbaldo,spur,lake,anastasia,mt,27169', 'Quisquam laudantium ullam et eum velit nobis. Ut qui saepe et nemo.', 1, 11, '2023-03-26 16:21:29', '2023-04-11 09:19:58');
INSERT INTO `articles` (`id`, `title`, `slug`, `body`, `image`, `tags`, `status`, `view_count`, `like_count`, `read_time`, `publish_date`, `seo_keywords`, `seo_description`, `user_id`, `category_id`, `created_at`, `updated_at`) VALUES (6, 'Cooper Sporer', 'cooper-sporer1680390002', 'Odit quo esse quia ex velit aliquam eius. Voluptates sed a voluptatem sapiente impedit voluptas cumque animi. Exercitationem soluta architecto deserunt.', 'storage/articles/reco.png', 'Nostrum suscipit rep', 0, 93, 76, 15, '2007-09-16 21:02:00', '602,bailey,neck,apt,678,lake,kingland,me,82142', 'Fugit ut ducimus laborum architecto autem nobis. Nobis rem sint doloribus ipsum dolores. Fugiat quas quas consectetur. Tempora voluptas voluptatem ipsum labore et dicta.', 1, 10, '2023-03-26 16:21:29', '2023-04-10 21:15:57');
INSERT INTO `articles` (`id`, `title`, `slug`, `body`, `image`, `tags`, `status`, `view_count`, `like_count`, `read_time`, `publish_date`, `seo_keywords`, `seo_description`, `user_id`, `category_id`, `created_at`, `updated_at`) VALUES (8, 'Mrs. Margaretta Stark', 'mrs-margaretta-stark', 'Amet necessitatibus ducimus et temporibus voluptas quia omnis ducimus. Deleniti velit et inventore ullam. Ut et temporibus officia sit qui temporibus vel.', '19374 Graciela Roads Suite 181\nNadiashire, OH 24399', NULL, 0, 98, 100, 11, '2012-09-26 19:27:46', '1731,champlin,fort,west,alysastad,ia,42900', 'Dignissimos id sunt laudantium qui molestiae culpa veritatis. Est totam laboriosam voluptas ut. Velit et aspernatur a dicta nam libero. Veniam odit sunt fugiat et consequuntur.', 8, 7, '2023-03-26 16:21:29', '2023-03-26 16:21:29');
INSERT INTO `articles` (`id`, `title`, `slug`, `body`, `image`, `tags`, `status`, `view_count`, `like_count`, `read_time`, `publish_date`, `seo_keywords`, `seo_description`, `user_id`, `category_id`, `created_at`, `updated_at`) VALUES (9, 'Miss Adrienne Champlin DVM', 'miss-adrienne-champlin-dvm', 'Perferendis sed laudantium dolores cum laborum quaerat. Ut nemo earum est laboriosam quisquam ipsa voluptatibus quae. Nemo nemo dolor reiciendis fugit beatae est.', '31666 Daphnee Run\nStokesburgh, AL 74889', NULL, 1, 58, 33, 633, '1990-11-04 05:10:47', '44330,ana,mall,apt,293,lake,darenstad,va,22809', 'Dolores voluptatem blanditiis voluptatum modi sit. Non voluptatibus nihil voluptatem omnis et nesciunt non aut. Placeat quibusdam sint impedit neque.', 6, 3, '2023-03-26 16:21:29', '2023-03-26 16:21:29');
INSERT INTO `articles` (`id`, `title`, `slug`, `body`, `image`, `tags`, `status`, `view_count`, `like_count`, `read_time`, `publish_date`, `seo_keywords`, `seo_description`, `user_id`, `category_id`, `created_at`, `updated_at`) VALUES (10, 'Sydney Mills Sr.', 'sydney-mills-sr', 'Magni quis hic harum est consequuntur. Iusto est laboriosam id enim repudiandae aliquam animi.', '949 Andre Mission Suite 172\nNorth Elsa, ME 85904', NULL, 0, 80, 97, 770, '2020-07-08 17:45:29', '262,golden,park,apt,188,south,jules,va,11156,3008', 'Et eligendi labore sed aut facere omnis. Tempore itaque vero earum soluta molestiae. Dolorem aut odio omnis consequatur. Eveniet tempore autem ex eum est provident rerum. Ut delectus est dolores.', 2, 16, '2023-03-26 16:21:29', '2023-03-26 16:21:29');
INSERT INTO `articles` (`id`, `title`, `slug`, `body`, `image`, `tags`, `status`, `view_count`, `like_count`, `read_time`, `publish_date`, `seo_keywords`, `seo_description`, `user_id`, `category_id`, `created_at`, `updated_at`) VALUES (11, 'Rhiannon Gaylord Sr.', 'rhiannon-gaylord-sr', 'Adipisci maxime omnis voluptatem odit nisi iure ea molestias. Ut possimus architecto rerum saepe mollitia aliquam esse. Perspiciatis accusantium veritatis sed culpa voluptates qui qui.', '4797 Kuhic Key\nBogisichstad, LA 90090-9208', NULL, 0, 93, 100, 120, '1971-09-23 06:36:25', '4691,bradford,hill,suite,434,new,monserratechester,al,25259,5561', 'Ipsum expedita eum sit molestias eum enim magni. Expedita beatae et similique voluptatem enim corporis provident id. Ullam nam qui est eaque porro.', 5, 14, '2023-03-26 16:21:29', '2023-04-10 21:56:25');
INSERT INTO `articles` (`id`, `title`, `slug`, `body`, `image`, `tags`, `status`, `view_count`, `like_count`, `read_time`, `publish_date`, `seo_keywords`, `seo_description`, `user_id`, `category_id`, `created_at`, `updated_at`) VALUES (12, 'Betty Kulas', 'betty-kulas', 'Sed quidem provident et reiciendis sit. Numquam et omnis repellat nam.', '420 Monica Trace\nWest Karen, NC 31698-6702', NULL, 0, 26, 21, 26, '2005-09-18 23:06:35', '7744,jennie,overpass,south,vance,in,50225', 'Ad nostrum rerum et quod aperiam. Et iusto sapiente aut vel. Sunt voluptas voluptatem eos cumque.', 3, 18, '2023-03-26 16:21:29', '2023-03-26 16:21:29');
INSERT INTO `articles` (`id`, `title`, `slug`, `body`, `image`, `tags`, `status`, `view_count`, `like_count`, `read_time`, `publish_date`, `seo_keywords`, `seo_description`, `user_id`, `category_id`, `created_at`, `updated_at`) VALUES (13, 'Toy Bradtke', 'toy-bradtke', 'Aperiam dolorem quaerat nam tempora sed aut. Ut et voluptate odit atque omnis. Vel laudantium ut eos omnis iste rerum vel.', '148 Sipes Lakes\nWest Ezequielmouth, DC 99546-2945', NULL, 0, 77, 75, 237, '1988-04-14 08:55:43', '162,larson,trail,suite,517,monahanchester,nm,71808', 'Saepe rerum laborum veniam nesciunt iusto. Culpa illo at non aspernatur et expedita accusamus. Nostrum aut eos ipsam voluptas.', 6, 16, '2023-03-26 16:21:29', '2023-03-26 16:21:29');
INSERT INTO `articles` (`id`, `title`, `slug`, `body`, `image`, `tags`, `status`, `view_count`, `like_count`, `read_time`, `publish_date`, `seo_keywords`, `seo_description`, `user_id`, `category_id`, `created_at`, `updated_at`) VALUES (14, 'Ella Flatley', 'ella-flatley', 'Facere esse nihil dicta nihil ad officiis. At cumque sunt nesciunt ut id reprehenderit. Sit cumque quis possimus vero et voluptas.', '460 Gutmann Forest\nLake Dana, TN 25252', NULL, 0, 63, 43, 383, '1978-01-28 01:12:16', '769,adriel,turnpike,newellburgh,wa,37597', 'Aspernatur inventore voluptates quia error. Vero quasi hic quam veritatis harum impedit saepe. Error omnis quia hic voluptatum non temporibus fugiat ut.', 7, 18, '2023-03-26 16:21:29', '2023-03-26 16:21:29');
INSERT INTO `articles` (`id`, `title`, `slug`, `body`, `image`, `tags`, `status`, `view_count`, `like_count`, `read_time`, `publish_date`, `seo_keywords`, `seo_description`, `user_id`, `category_id`, `created_at`, `updated_at`) VALUES (15, 'Myriam Cronin', 'myriam-cronin', 'Id similique sint velit. Placeat reprehenderit molestiae molestiae architecto. Fuga quia eaque ex consequuntur. Quae quas est dolor et in.', '4694 Daphney Branch Suite 367\nJeraldburgh, OK 40507-2283', NULL, 0, 69, 25, 982, '2004-11-17 09:52:04', '9182,cruickshank,vista,suite,583,bridgetport,la,95091,2656', 'Sunt rerum rerum libero nihil molestias ad officia. Dolores asperiores vel necessitatibus eligendi accusamus adipisci.', 1, 18, '2023-03-26 16:21:29', '2023-03-26 16:21:29');
INSERT INTO `articles` (`id`, `title`, `slug`, `body`, `image`, `tags`, `status`, `view_count`, `like_count`, `read_time`, `publish_date`, `seo_keywords`, `seo_description`, `user_id`, `category_id`, `created_at`, `updated_at`) VALUES (16, 'Stone Murazik', 'stone-murazik', 'Incidunt totam iste facere rerum. Dolorem similique mollitia est et. Voluptas blanditiis quae rerum deleniti deleniti et voluptatem. Provident assumenda porro explicabo eveniet cum.', '8913 VonRueden Fords Apt. 832\nPort Heloise, SD 93357-1113', NULL, 0, 285, 40, 243, '2013-05-26 21:11:12', '4503,iva,cliff,ernserchester,md,88429', 'Ad quidem nesciunt laborum. Ullam saepe corrupti aut quia id est. Suscipit nisi vel ad consequatur. Amet sed laudantium harum.', 1, 18, '2023-03-26 16:21:29', '2023-04-11 08:48:21');
INSERT INTO `articles` (`id`, `title`, `slug`, `body`, `image`, `tags`, `status`, `view_count`, `like_count`, `read_time`, `publish_date`, `seo_keywords`, `seo_description`, `user_id`, `category_id`, `created_at`, `updated_at`) VALUES (17, 'Adan Braun Sr.', 'adan-braun-sr', 'Odit sunt totam enim illo. Laboriosam eaque sed commodi est ut ut vero neque. Dolorem consectetur odio consequuntur magnam unde.', '89436 Sonya Drive\nMistyside, NM 32989-9410', NULL, 0, 39, 71, 777, '2013-05-27 13:40:21', '8916,ondricka,port,keaganshire,ct,80910', 'Dolorum consectetur aperiam itaque quo non. Quia qui eaque nulla voluptatem. Occaecati qui minus eligendi est sequi aliquid velit. Id praesentium repellendus quibusdam dolorem voluptatibus dolorem.', 5, 18, '2023-03-26 16:21:29', '2023-03-26 16:21:29');
INSERT INTO `articles` (`id`, `title`, `slug`, `body`, `image`, `tags`, `status`, `view_count`, `like_count`, `read_time`, `publish_date`, `seo_keywords`, `seo_description`, `user_id`, `category_id`, `created_at`, `updated_at`) VALUES (18, 'Eleonore Johnston II', 'eleonore-johnston-ii', 'Et sint eius sapiente voluptates ut. Occaecati et dolorem dolor. Eos nemo consequatur a ut voluptatem. Tenetur fugit sed aut quaerat voluptatibus explicabo.', '3585 Mossie Pines\nGutmannland, WV 48519-3153', NULL, 1, 21, 16, 189, '1997-08-26 22:46:53', '5784,glover,points,east,gino,sd,30834', 'Neque provident minima cupiditate. Dolores labore sed quas reiciendis sed doloribus unde. Et et molestiae fugiat quod vel. Ipsum qui saepe a et et. Voluptatem quasi doloribus error velit.', 9, 13, '2023-03-26 16:21:29', '2023-03-26 16:21:29');
INSERT INTO `articles` (`id`, `title`, `slug`, `body`, `image`, `tags`, `status`, `view_count`, `like_count`, `read_time`, `publish_date`, `seo_keywords`, `seo_description`, `user_id`, `category_id`, `created_at`, `updated_at`) VALUES (19, 'Sofia Nienow', 'sofia-nienow', 'Quam praesentium cupiditate architecto et velit neque. Omnis magni dicta reprehenderit rerum ad repudiandae. Sint aut nisi reprehenderit ut. Sapiente et et omnis illo nobis.', '35853 O\'Conner Fords Suite 123\nNorth Treva, RI 76445', NULL, 1, 47, 23, 59, '2021-11-21 19:53:01', '1441,thiel,flat,apt,143,east,rubyemouth,co,48787,0908', 'Vero pariatur quis ut vitae eligendi. Nam similique recusandae id. Quam omnis consequuntur quod quasi.', 6, 10, '2023-03-26 16:21:29', '2023-03-26 16:21:29');
INSERT INTO `articles` (`id`, `title`, `slug`, `body`, `image`, `tags`, `status`, `view_count`, `like_count`, `read_time`, `publish_date`, `seo_keywords`, `seo_description`, `user_id`, `category_id`, `created_at`, `updated_at`) VALUES (20, 'Mr. Ian Schuster I', 'mr-ian-schuster-i1680389871', 'Veritatis exercitationem officiis qui omnis. Dolore fuga voluptas voluptas perspiciatis ad consequuntur. Et commodi voluptatem veritatis magni explicabo. Tempore incidunt ab enim assumenda.', 'storage/articles/seco.png', NULL, 1, 39, 0, 836, '1971-11-21 19:35:00', '31932,maggie,pass,apt,551,aliyaside,ny,86100,1909', 'Possimus quaerat nobis repudiandae. Nihil at recusandae repellendus ipsum fugiat autem non. Illum velit similique excepturi autem amet voluptates.', 1, 5, '2023-03-26 16:21:29', '2023-04-11 09:05:26');
INSERT INTO `articles` (`id`, `title`, `slug`, `body`, `image`, `tags`, `status`, `view_count`, `like_count`, `read_time`, `publish_date`, `seo_keywords`, `seo_description`, `user_id`, `category_id`, `created_at`, `updated_at`) VALUES (22, 'Clay Tremblay', 'clay-tremblay', 'Eaque at aliquam repudiandae similique doloribus. Est odio magni aut. Ex impedit error sint cum qui non natus et. Mollitia ea ut provident dolor aut veniam deserunt laborum.', '536 Micaela Ferry\nWest Rubie, CA 92127', NULL, 1, 59, 23, 415, '1999-07-09 09:29:00', '687,syble,plain,suite,220,new,trycia,ne,00407', 'Aut laborum ut laudantium et nostrum. Mollitia sequi soluta numquam iste cupiditate. Rerum nihil inventore quasi sit quam nostrum necessitatibus. Ducimus vero consequatur provident amet.', 2, 11, '2023-03-26 16:21:29', '2023-03-26 16:21:29');
INSERT INTO `articles` (`id`, `title`, `slug`, `body`, `image`, `tags`, `status`, `view_count`, `like_count`, `read_time`, `publish_date`, `seo_keywords`, `seo_description`, `user_id`, `category_id`, `created_at`, `updated_at`) VALUES (23, 'Lisandro Torp', 'lisandro-torp', 'Repellendus qui quas est pariatur. Eius ducimus assumenda nihil minima qui. A laborum voluptate modi. Voluptate magnam dolor nulla consequatur qui nesciunt.', '24754 Gaetano Trace Apt. 249\nGretchenfort, MO 72774-4489', NULL, 0, 69, 56, 858, '2013-01-03 02:18:32', '217,morissette,forks,north,sofiatown,la,70636', 'Et consequatur sunt harum incidunt eum. Voluptatum nihil qui omnis quia id quis.', 7, 20, '2023-03-26 16:21:29', '2023-03-26 16:21:29');
INSERT INTO `articles` (`id`, `title`, `slug`, `body`, `image`, `tags`, `status`, `view_count`, `like_count`, `read_time`, `publish_date`, `seo_keywords`, `seo_description`, `user_id`, `category_id`, `created_at`, `updated_at`) VALUES (25, 'Meredith Kutch', 'meredith-kutch', 'Rerum dolorem sit ut sed deleniti blanditiis. Quae tenetur quisquam non assumenda aut velit voluptatem. Fugit facere omnis incidunt aut adipisci facilis dignissimos.', '51720 Wisozk Shoal\nPort Renee, FL 04704', NULL, 1, 13, 37, 239, '2019-01-28 06:54:05', '876,demetrius,neck,lake,aniyah,ri,57759', 'Magni provident dolorum cupiditate saepe. Ut ratione veniam id maxime doloremque amet totam. Ipsum aut voluptatum quia adipisci omnis.', 7, 16, '2023-03-26 16:21:29', '2023-03-26 16:21:29');
INSERT INTO `articles` (`id`, `title`, `slug`, `body`, `image`, `tags`, `status`, `view_count`, `like_count`, `read_time`, `publish_date`, `seo_keywords`, `seo_description`, `user_id`, `category_id`, `created_at`, `updated_at`) VALUES (26, 'Deborah Sauer V', 'deborah-sauer-v', 'Autem nemo ut saepe dolore ex saepe est deserunt. Dolorum temporibus voluptatum sit quia libero qui est perferendis. Dolor eveniet labore quibusdam aliquid quia dicta voluptates.', '9061 Ashlee Green\nNolanmouth, OH 22213', NULL, 0, 46, 27, 175, '1978-10-16 03:43:47', '51318,treva,village,augustaborough,il,18297,6808', 'Consequatur quidem vero voluptatem sapiente ex consequatur. Sunt incidunt omnis earum repellat. Earum dolorem iusto cumque. Itaque asperiores vel consequatur nihil.', 2, 6, '2023-03-26 16:21:29', '2023-03-26 16:21:29');
INSERT INTO `articles` (`id`, `title`, `slug`, `body`, `image`, `tags`, `status`, `view_count`, `like_count`, `read_time`, `publish_date`, `seo_keywords`, `seo_description`, `user_id`, `category_id`, `created_at`, `updated_at`) VALUES (27, 'Darrell Volkman', 'darrell-volkman', 'Corporis est ea aut sunt omnis ratione dolores. Maiores illum cum sint vel atque aliquid nihil nobis.', '35547 Lemke Harbor Suite 544\nWest Bufordmouth, ME 02300-5201', NULL, 0, 73, 46, 180, '2022-12-01 07:41:43', '340,shayna,trail,north,shanon,in,38541', 'Consequatur et maxime cupiditate numquam numquam nulla. Quidem et quas recusandae consequatur excepturi. Nihil non sint totam odio dignissimos alias laboriosam possimus.', 3, 14, '2023-03-26 16:21:29', '2023-03-26 16:21:29');
INSERT INTO `articles` (`id`, `title`, `slug`, `body`, `image`, `tags`, `status`, `view_count`, `like_count`, `read_time`, `publish_date`, `seo_keywords`, `seo_description`, `user_id`, `category_id`, `created_at`, `updated_at`) VALUES (29, 'Felicia Wyman', 'felicia-wyman', 'Blanditiis eos in est quam enim mollitia omnis. Occaecati animi ea labore hic.', '8321 Ignatius Landing\nPort Sammie, SC 88312-6742', NULL, 0, 73, 63, 300, '1991-03-25 17:04:36', '81093,derek,fort,apt,418,boehmville,nm,04968,0302', 'Omnis esse aut eveniet atque saepe at aut. Sunt placeat tempora ut architecto fugiat. Ut architecto iste ea rerum.', 9, 8, '2023-03-26 16:21:29', '2023-03-26 16:21:29');
INSERT INTO `articles` (`id`, `title`, `slug`, `body`, `image`, `tags`, `status`, `view_count`, `like_count`, `read_time`, `publish_date`, `seo_keywords`, `seo_description`, `user_id`, `category_id`, `created_at`, `updated_at`) VALUES (31, 'Darius Hammes', 'darius-hammes', 'Facere laborum quis quisquam sed aut repudiandae ratione. Ea perspiciatis assumenda sunt dolorem.', '2824 Kellen Oval Suite 371\nVolkmanberg, DC 71365-5405', NULL, 1, 199, 83, 323, '1987-02-02 01:26:55', '198,kertzmann,road,apt,831,west,nolan,mi,93681,6127', 'Recusandae aut inventore unde cumque saepe. Cum magnam occaecati et illum et cupiditate voluptatem et. Possimus nihil aut eum quo porro eos.', 3, 13, '2023-03-26 16:22:10', '2023-04-11 09:38:37');
INSERT INTO `articles` (`id`, `title`, `slug`, `body`, `image`, `tags`, `status`, `view_count`, `like_count`, `read_time`, `publish_date`, `seo_keywords`, `seo_description`, `user_id`, `category_id`, `created_at`, `updated_at`) VALUES (32, 'Molly Kilback', 'molly-kilback', 'Voluptatem culpa officia quis provident aut facilis quam. Error cupiditate rerum odit.', '99434 Macejkovic Mountains Suite 070\nEast Ronburgh, MI 17276', NULL, 1, 96, 38, 84, '1998-08-22 12:09:03', '7542,bergstrom,shoals,apt,396,south,stephanie,de,51310,2157', 'Beatae voluptatem sit repellat et explicabo ut excepturi. Ea qui sed et esse repudiandae inventore sed. Est et saepe fugiat unde temporibus qui rem.', 3, 9, '2023-03-26 16:22:10', '2023-03-26 16:22:10');
INSERT INTO `articles` (`id`, `title`, `slug`, `body`, `image`, `tags`, `status`, `view_count`, `like_count`, `read_time`, `publish_date`, `seo_keywords`, `seo_description`, `user_id`, `category_id`, `created_at`, `updated_at`) VALUES (33, 'Maria Renner', 'maria-renner', 'Amet at aut veritatis eos. Voluptas itaque repellendus molestiae et accusamus qui error.', '751 Monahan Drive\nAlanashire, MT 23672-5267', NULL, 1, 91, 13, 613, '2002-02-28 07:20:35', '87107,erick,fork,new,arielle,ms,87204', 'Vitae ratione omnis aut enim qui non. Molestias commodi officiis repellendus. Enim debitis qui qui. Aliquid architecto eum cum eum aliquid quia.', 1, 12, '2023-03-26 16:22:10', '2023-03-26 16:22:10');
INSERT INTO `articles` (`id`, `title`, `slug`, `body`, `image`, `tags`, `status`, `view_count`, `like_count`, `read_time`, `publish_date`, `seo_keywords`, `seo_description`, `user_id`, `category_id`, `created_at`, `updated_at`) VALUES (36, 'Mr. Elijah Greenholt', 'mr-elijah-greenholt1680389951', 'Dolores est ut fugit alias fugiat. Autem voluptatibus consequuntur veniam esse porro occaecati. Recusandae rerum voluptatem fugit quo. Quod sequi maxime est animi.', 'storage/articles/reco.png', 'Laboriosam quos con', 1, 46, 65, 756, '2013-04-03 01:12:00', '5372,john,spring,south,michael,pa,31024,8171', 'Ea sit enim voluptatum sed ut quo. Sint quibusdam vero ea dignissimos autem nostrum earum. Et voluptatem similique fugit eius at repudiandae at.', 1, 5, '2023-03-26 16:22:10', '2023-04-01 22:59:11');
INSERT INTO `articles` (`id`, `title`, `slug`, `body`, `image`, `tags`, `status`, `view_count`, `like_count`, `read_time`, `publish_date`, `seo_keywords`, `seo_description`, `user_id`, `category_id`, `created_at`, `updated_at`) VALUES (37, 'Mikel Muller', 'mikel-muller', 'Ipsum ratione velit omnis fuga culpa eveniet et voluptas. Id aliquam eaque in veritatis sapiente esse. Expedita quod reiciendis perspiciatis asperiores.', '247 Davion Wells\nSouth Nolan, FL 96715', NULL, 0, 65, 54, 746, '1980-11-12 10:44:46', '2783,beatty,locks,south,louveniamouth,wv,95658', 'Doloremque aperiam veniam expedita a molestias eos vel. Suscipit ratione veniam saepe. Aliquam et expedita autem qui.', 6, 2, '2023-03-26 16:22:10', '2023-03-26 16:22:10');
INSERT INTO `articles` (`id`, `title`, `slug`, `body`, `image`, `tags`, `status`, `view_count`, `like_count`, `read_time`, `publish_date`, `seo_keywords`, `seo_description`, `user_id`, `category_id`, `created_at`, `updated_at`) VALUES (38, 'Caleigh Swaniawski', 'caleigh-swaniawski', 'Enim accusantium reiciendis est veritatis voluptate tempore. Omnis dolore ipsum sunt consequatur facilis est aperiam provident. Eum doloremque modi qui aut voluptate.', '8117 Madaline Fork Suite 389\nDandreside, MT 03846-6818', NULL, 1, 9, 29, 330, '2010-11-06 23:57:55', '48609,merritt,row,apt,726,laylaborough,ks,20851,4610', 'Debitis possimus veniam eum et. Ipsam repudiandae et earum voluptas non est. Deserunt nihil dolorum dolorem. A impedit est dolores et deserunt.', 9, 18, '2023-03-26 16:22:10', '2023-03-26 16:22:10');
INSERT INTO `articles` (`id`, `title`, `slug`, `body`, `image`, `tags`, `status`, `view_count`, `like_count`, `read_time`, `publish_date`, `seo_keywords`, `seo_description`, `user_id`, `category_id`, `created_at`, `updated_at`) VALUES (39, 'Marlen Rosenbaum', 'marlen-rosenbaum1680390060', 'Voluptas recusandae at asperiores quia. Ut et accusamus facere sed et. Architecto adipisci expedita sit quisquam aperiam asperiores.', 'storage/articles/reco.png', 'Minima pariatur Eum', 1, 20, 45, 876, '2009-05-15 06:43:00', '52123,missouri,port,suite,527,lake,lynn,in,62449,4438', 'Animi et exercitationem dolorem. Est molestiae nisi explicabo voluptatem molestias quia qui facere. Est et assumenda dolore laborum qui repellat. Voluptas ullam ducimus quia hic similique est nobis.', 1, 5, '2023-03-26 16:22:10', '2023-04-01 23:01:00');
INSERT INTO `articles` (`id`, `title`, `slug`, `body`, `image`, `tags`, `status`, `view_count`, `like_count`, `read_time`, `publish_date`, `seo_keywords`, `seo_description`, `user_id`, `category_id`, `created_at`, `updated_at`) VALUES (40, 'Prof. Arch Kertzmann III', 'prof-arch-kertzmann-iii', 'Consequatur eum dolor suscipit officiis ab. Quasi aut est qui deserunt et sunt aliquam. Assumenda voluptatem ullam quam quaerat repudiandae rem perspiciatis.', '76872 Lehner Gateway\nLilianashire, MS 40450', NULL, 0, 101, 59, 744, '2005-11-11 03:01:30', '4546,wilber,springs,port,brandon,la,42804', 'Et atque earum ut error. At assumenda voluptas magni voluptas qui veritatis minima omnis.', 8, 13, '2023-03-26 16:22:10', '2023-04-11 07:57:40');
INSERT INTO `articles` (`id`, `title`, `slug`, `body`, `image`, `tags`, `status`, `view_count`, `like_count`, `read_time`, `publish_date`, `seo_keywords`, `seo_description`, `user_id`, `category_id`, `created_at`, `updated_at`) VALUES (42, 'Monique Sporer', 'monique-sporer1680390076', 'Cumque quam ipsam nostrum tenetur. Blanditiis sed nam perspiciatis expedita quis rerum omnis aut. Voluptatem et eius et sint inventore vel repellendus. Rerum omnis iure aperiam suscipit fuga.', 'storage/articles/reco.png', 'In obcaecati quis ut', 1, 5, 31, 760, '2009-10-14 09:43:00', '366,howell,lakes,gibsonfort,de,05409,1231', 'Perspiciatis excepturi officia amet consequatur. Magnam dicta impedit explicabo non nemo id dolorem. Quidem blanditiis ut ipsum id aut.', 1, 5, '2023-03-26 16:22:10', '2023-04-11 07:15:34');
INSERT INTO `articles` (`id`, `title`, `slug`, `body`, `image`, `tags`, `status`, `view_count`, `like_count`, `read_time`, `publish_date`, `seo_keywords`, `seo_description`, `user_id`, `category_id`, `created_at`, `updated_at`) VALUES (44, 'Guiseppe Schulist', 'guiseppe-schulist', 'Fugiat hic atque aut ipsa ex voluptas. Ut ducimus et rerum autem ut. Vero porro numquam atque quia. Ut quis aperiam tempore repellendus voluptas qui non.', '728 Fay River Apt. 414\nSouth Jamesonmouth, WY 68424-8494', NULL, 0, 50, 84, 151, '1981-08-07 13:50:32', '58439,gracie,lane,apt,165,port,angelineburgh,tn,72249,6426', 'Sit dolorem reiciendis sint. Voluptatem aspernatur cupiditate quia et. Mollitia fugiat possimus exercitationem accusantium esse esse facere. Et quia aliquid perspiciatis quisquam.', 2, 9, '2023-03-26 16:22:10', '2023-03-26 16:22:10');
INSERT INTO `articles` (`id`, `title`, `slug`, `body`, `image`, `tags`, `status`, `view_count`, `like_count`, `read_time`, `publish_date`, `seo_keywords`, `seo_description`, `user_id`, `category_id`, `created_at`, `updated_at`) VALUES (45, 'Easter Davis', 'easter-davis', 'Quas commodi qui vitae magnam cumque. Et nesciunt a veritatis facilis et veniam. Dolorem et vel ut aut. Labore qui doloremque rerum vitae deserunt earum sunt.', '2261 Terence Place\nNorth Gilbertburgh, SD 32127', NULL, 0, 43, 1, 450, '1980-11-26 00:21:02', '358,wilkinson,manors,suite,781,monahanstad,mo,11471', 'Aliquid modi doloremque rerum deserunt velit nobis. Sapiente et asperiores dignissimos ut mollitia.', 5, 12, '2023-03-26 16:22:10', '2023-04-10 22:00:30');
INSERT INTO `articles` (`id`, `title`, `slug`, `body`, `image`, `tags`, `status`, `view_count`, `like_count`, `read_time`, `publish_date`, `seo_keywords`, `seo_description`, `user_id`, `category_id`, `created_at`, `updated_at`) VALUES (46, 'Marc Hartmann', 'marc-hartmann', 'Rerum placeat dolor sed in quis ipsam. Voluptas dignissimos possimus voluptatum ut dolorum. Cumque ex omnis et nemo commodi. Nemo velit consequatur in sint id nulla.', '428 Winnifred Port Suite 423\nHartmannborough, ND 49086-0599', NULL, 1, 15, 81, 953, '1976-01-15 06:22:57', '76966,pollich,corners,apt,183,fadelbury,ut,01896', 'In libero voluptatem consequatur et beatae. Dolor quia maxime est sit est. Et omnis repudiandae est natus repellat voluptas blanditiis enim. Ratione aut ad delectus adipisci numquam voluptatem.', 4, 18, '2023-03-26 16:22:10', '2023-03-26 16:22:10');
INSERT INTO `articles` (`id`, `title`, `slug`, `body`, `image`, `tags`, `status`, `view_count`, `like_count`, `read_time`, `publish_date`, `seo_keywords`, `seo_description`, `user_id`, `category_id`, `created_at`, `updated_at`) VALUES (47, 'Prof. Isabella Hackett', 'prof-isabella-hackett', 'Unde eum esse ea blanditiis blanditiis voluptate. Quasi id illum est voluptas. Quia aut pariatur ad quis repellendus.', '2461 Nova Lake Apt. 152\nNew Dallas, KS 96281', NULL, 1, 58, 14, 511, '2002-09-28 09:12:19', '9358,jakayla,plain,apt,582,veumberg,ri,12405,8844', 'Explicabo facilis facilis dolorem rerum iste quibusdam laboriosam. Et neque voluptates dolores et consectetur amet et. Quis blanditiis sapiente qui saepe eos.', 5, 3, '2023-03-26 16:22:10', '2023-03-26 16:22:10');
INSERT INTO `articles` (`id`, `title`, `slug`, `body`, `image`, `tags`, `status`, `view_count`, `like_count`, `read_time`, `publish_date`, `seo_keywords`, `seo_description`, `user_id`, `category_id`, `created_at`, `updated_at`) VALUES (48, 'Cory Rosenbaum', 'cory-rosenbaum', 'Quaerat perferendis voluptatem beatae eaque est atque. Quo saepe minus veniam rerum. Perferendis molestiae laudantium autem ut.', '8561 Crist Valley\nWest Deborah, MT 64353', NULL, 1, 58, 51, 326, '1991-09-24 07:14:38', '61132,halvorson,mews,ramonaburgh,ca,92321', 'Exercitationem nihil quos nobis dolorem dolores iure. Doloremque consequatur dolores voluptates animi accusantium quia. Placeat quis eveniet aspernatur tempora iure quia aut.', 4, 14, '2023-03-26 16:22:10', '2023-03-26 16:22:10');
INSERT INTO `articles` (`id`, `title`, `slug`, `body`, `image`, `tags`, `status`, `view_count`, `like_count`, `read_time`, `publish_date`, `seo_keywords`, `seo_description`, `user_id`, `category_id`, `created_at`, `updated_at`) VALUES (49, 'Prof. Vada Mohr', 'prof-vada-mohr', 'Nemo corrupti tenetur numquam vel rerum. Repellat hic aut sunt quos fugiat laudantium. Debitis accusamus illum perspiciatis inventore sunt maxime sit.', '865 Leffler Brooks\nWest Heloisestad, ID 38739', NULL, 0, 59, 43, 876, '1989-07-23 17:27:29', '277,conn,route,new,dolores,ia,57287,1862', 'Quia recusandae quisquam illum culpa maxime ut deserunt. Quam ipsa blanditiis quas cupiditate ad. Rerum cum rem odio est atque.', 7, 6, '2023-03-26 16:22:10', '2023-04-11 09:18:53');
INSERT INTO `articles` (`id`, `title`, `slug`, `body`, `image`, `tags`, `status`, `view_count`, `like_count`, `read_time`, `publish_date`, `seo_keywords`, `seo_description`, `user_id`, `category_id`, `created_at`, `updated_at`) VALUES (50, 'Mr. Leo Kuphal', 'mr-leo-kuphal', 'Non repellat ratione ea eum sit. Accusantium hic quia dignissimos cupiditate libero sit tempora. Dolores aut ut dolorum ipsum eum ut. Reiciendis corporis ad rerum autem et quisquam.', '107 Strosin Canyon Suite 163\nReichelburgh, NC 29152-1817', NULL, 1, 72, 77, 938, '1983-10-10 10:25:45', '3303,leilani,green,port,hertaton,id,49707', 'Fugit quam nihil amet accusantium sint praesentium mollitia. Iste atque est et. Quae ipsam accusantium velit qui. Sit blanditiis et culpa reprehenderit nemo.', 4, 10, '2023-03-26 16:22:10', '2023-03-26 16:22:10');
INSERT INTO `articles` (`id`, `title`, `slug`, `body`, `image`, `tags`, `status`, `view_count`, `like_count`, `read_time`, `publish_date`, `seo_keywords`, `seo_description`, `user_id`, `category_id`, `created_at`, `updated_at`) VALUES (51, 'Zola Marquardt', 'zola-marquardt', 'Ut provident quia error deleniti. Pariatur id aliquid sapiente. Et ea aut id consequatur ut earum quam quis.', '60113 Wyman Unions\nSouth Elyssa, MS 92233-4045', NULL, 1, 26, 80, 13, '1985-04-01 20:09:00', '315,cole,oval,port,marjorie,dc,74308', 'Magnam ipsa minus dolorum. Cumque molestiae expedita eius a error repudiandae. Et est maiores commodi libero sint ducimus officia. Qui quo voluptas sed distinctio.', 2, 20, '2023-03-26 16:22:10', '2023-03-26 16:22:10');
INSERT INTO `articles` (`id`, `title`, `slug`, `body`, `image`, `tags`, `status`, `view_count`, `like_count`, `read_time`, `publish_date`, `seo_keywords`, `seo_description`, `user_id`, `category_id`, `created_at`, `updated_at`) VALUES (52, 'Mr. Tristian Prosacco MD', 'mr-tristian-prosacco-md', 'Nobis est est officiis repellat. Eligendi voluptate expedita est architecto.', '7362 Emilie Green\nKadinland, VT 97666-9875', NULL, 1, 86, 1, 247, '1990-06-05 02:43:06', '87137,pfeffer,curve,suite,199,south,felipa,co,42212,4945', 'Distinctio ut doloribus cum. Aut ut quis aut enim ea. Velit deserunt aliquam quis id.', 2, 3, '2023-03-26 16:22:10', '2023-03-26 16:22:10');
INSERT INTO `articles` (`id`, `title`, `slug`, `body`, `image`, `tags`, `status`, `view_count`, `like_count`, `read_time`, `publish_date`, `seo_keywords`, `seo_description`, `user_id`, `category_id`, `created_at`, `updated_at`) VALUES (53, 'Melissa Koss', 'melissa-koss', 'Dicta aliquid dolor quam voluptatem iure libero. Atque corrupti voluptas laboriosam ut. Aut ipsum aperiam quaerat illo eius eos accusamus iste.', '1569 Brakus Radial Suite 764\nGorczanybury, AR 22243-1429', NULL, 1, 72, 5, 433, '1980-08-27 13:42:48', '1309,quigley,overpass,apt,650,shieldsport,dc,97231,9569', 'Eaque quia dolores rerum totam. A non sunt voluptas sed. Ullam et veritatis ea incidunt dignissimos libero assumenda. Ratione sed repudiandae voluptatum nihil eum aut voluptate laudantium.', 8, 19, '2023-03-26 16:22:10', '2023-03-26 16:22:10');
INSERT INTO `articles` (`id`, `title`, `slug`, `body`, `image`, `tags`, `status`, `view_count`, `like_count`, `read_time`, `publish_date`, `seo_keywords`, `seo_description`, `user_id`, `category_id`, `created_at`, `updated_at`) VALUES (54, 'Charles Lind', 'charles-lind', 'In sed officiis aut optio quidem quas. Quaerat eos et eius sit ad voluptatum delectus. Eligendi culpa rerum qui mollitia.', '46208 Davis Island\nNew Catharineshire, NC 32223-8817', NULL, 0, 23, 46, 792, '1993-11-19 05:28:51', '3709,amiya,turnpike,apt,942,bellabury,or,67564', 'Officia ullam sapiente tempore necessitatibus dolore occaecati nemo et. Tempora modi officiis fuga dolorem.', 7, 16, '2023-03-26 16:22:10', '2023-03-26 16:22:10');
INSERT INTO `articles` (`id`, `title`, `slug`, `body`, `image`, `tags`, `status`, `view_count`, `like_count`, `read_time`, `publish_date`, `seo_keywords`, `seo_description`, `user_id`, `category_id`, `created_at`, `updated_at`) VALUES (55, 'Trevor Carroll I', 'trevor-carroll-i', 'Sequi enim facere numquam fugit dolores. Cum qui quasi accusantium fugiat voluptatem.', '68800 Alivia Village\nRosellafurt, WA 57666-3276', NULL, 0, 40, 64, 402, '1988-05-21 17:15:01', '63340,crooks,pass,apt,988,minnieside,la,65641', 'Dolores explicabo qui iusto. Velit eos rerum illum dolorum qui eum. Nam aut non architecto fugiat. Voluptates eveniet aliquid provident. Magni accusamus ad assumenda id aut accusantium.', 8, 9, '2023-03-26 16:22:10', '2023-03-26 16:22:10');
INSERT INTO `articles` (`id`, `title`, `slug`, `body`, `image`, `tags`, `status`, `view_count`, `like_count`, `read_time`, `publish_date`, `seo_keywords`, `seo_description`, `user_id`, `category_id`, `created_at`, `updated_at`) VALUES (56, 'Marlen Fadel', 'marlen-fadel', 'Et eum molestias voluptas quisquam. Dicta ad dolor quo qui quia et doloribus. Magnam blanditiis exercitationem voluptatibus inventore accusantium.', '20131 Effertz Circle Apt. 485\nDeannaview, CO 30173', NULL, 0, 43, 48, 647, '2021-08-28 07:49:16', '443,immanuel,rue,carterfort,me,94392,5564', 'Quae dolorem at sequi ea sunt quia harum suscipit. Aut dolore qui laudantium aut explicabo voluptas. Eius sed occaecati in ut consectetur rerum.', 6, 16, '2023-03-26 16:22:10', '2023-03-26 16:22:10');
INSERT INTO `articles` (`id`, `title`, `slug`, `body`, `image`, `tags`, `status`, `view_count`, `like_count`, `read_time`, `publish_date`, `seo_keywords`, `seo_description`, `user_id`, `category_id`, `created_at`, `updated_at`) VALUES (58, 'Zula Ankunding', 'zula-ankunding', 'Fugiat aut ipsam est voluptatem debitis porro et sunt. Facilis aspernatur fuga dolorem earum deleniti. Debitis aut accusantium ipsa excepturi placeat aspernatur.', '62685 Alvera Trace Apt. 442\nBinsmouth, DE 40832-1382', NULL, 1, 30, 67, 799, '2006-08-19 19:35:49', '28822,pattie,knolls,suite,266,north,jonstad,ny,70070,3513', 'Hic dignissimos modi et velit occaecati necessitatibus. Quo aut omnis molestiae earum repellat tempore. Et ipsum earum qui quasi eum.', 1, 3, '2023-03-26 16:22:10', '2023-03-26 16:22:10');
INSERT INTO `articles` (`id`, `title`, `slug`, `body`, `image`, `tags`, `status`, `view_count`, `like_count`, `read_time`, `publish_date`, `seo_keywords`, `seo_description`, `user_id`, `category_id`, `created_at`, `updated_at`) VALUES (59, 'Ottilie Hahn IV', 'ottilie-hahn-iv', 'Nam sed eius aspernatur assumenda aliquam voluptatem esse. Et quibusdam aut quaerat est quam. Sed quidem eius qui labore.', '32943 Dickinson Plain\nSouth Destinistad, TN 24757', NULL, 1, 31, 55, 151, '2019-06-23 13:07:24', '3093,sporer,ports,port,zettafort,in,81727', 'Fuga dolorem et tempora dicta maxime saepe a. Fuga culpa et perspiciatis dolore fugiat ut non. Ut dolor aut cupiditate ex eveniet magni. Veniam minus quaerat dolores quaerat sit.', 3, 7, '2023-03-26 16:22:10', '2023-03-26 16:22:10');
INSERT INTO `articles` (`id`, `title`, `slug`, `body`, `image`, `tags`, `status`, `view_count`, `like_count`, `read_time`, `publish_date`, `seo_keywords`, `seo_description`, `user_id`, `category_id`, `created_at`, `updated_at`) VALUES (60, 'Kasandra Hoeger', 'kasandra-hoeger1680390095', 'Dolore qui rerum doloremque et suscipit. Ea vel aut dolor rerum qui inventore cupiditate. Maiores dolorum eum voluptatem est.', 'storage/articles/reco.png', 'In obcaecati quis ut', 1, 21, 84, 936, '2009-10-08 20:34:00', '24566,lela,mission,south,joel,la,81969,7548', 'Non alias qui debitis. Sint quidem cumque quia possimus consectetur suscipit. Repellendus veritatis voluptatibus qui dolore numquam. Vel quia in quod officia.', 1, 5, '2023-03-26 16:22:10', '2023-04-01 23:01:35');
INSERT INTO `articles` (`id`, `title`, `slug`, `body`, `image`, `tags`, `status`, `view_count`, `like_count`, `read_time`, `publish_date`, `seo_keywords`, `seo_description`, `user_id`, `category_id`, `created_at`, `updated_at`) VALUES (61, 'Sed eum numquam volu', 'cupiditate-rem-dolor', 'Est in vitae hic pro.xzcxcxzczcxzccxz', 'storage/articles/ekran-resmi-2023-03-28-15.png', 'Laboris exercitation', 1, 0, 0, 0, '2023-03-31 12:00:00', 'Dicta consequatur ducscsds', 'Et in nemo esse incicvc', 1, 26, '2023-03-28 19:34:39', '2023-03-28 19:34:39');
INSERT INTO `articles` (`id`, `title`, `slug`, `body`, `image`, `tags`, `status`, `view_count`, `like_count`, `read_time`, `publish_date`, `seo_keywords`, `seo_description`, `user_id`, `category_id`, `created_at`, `updated_at`) VALUES (62, 'Quis nisi deserunt f', 'aut-et-et-amet-fuga', 'Blanditiis beatae au.xcvdcvcvc', 'storage/articles/ekran-resmi-2023-03-28-15.png', 'Sit non consequatur', 1, 0, 0, 0, '2023-03-31 12:00:00', 'Non voluptatibus cor', 'Qui qui excepturi re', 1, 19, '2023-03-28 19:35:01', '2023-03-28 19:35:01');
INSERT INTO `articles` (`id`, `title`, `slug`, `body`, `image`, `tags`, `status`, `view_count`, `like_count`, `read_time`, `publish_date`, `seo_keywords`, `seo_description`, `user_id`, `category_id`, `created_at`, `updated_at`) VALUES (64, 'Minima consequatur', 'quaerat-exercitation', 'Corporis eu dolor mo. masa başı çalışamam elebaşı benim.', 'storage/articles/reco.png', 'Nulla nihil quia aut', 1, 0, 0, 0, '2023-03-31 12:00:00', 'Tenetur a consectetu kral farkında', 'Provident debitis c kral tek kişi', 1, 31, '2023-03-30 10:22:03', '2023-03-30 10:22:03');
INSERT INTO `articles` (`id`, `title`, `slug`, `body`, `image`, `tags`, `status`, `view_count`, `like_count`, `read_time`, `publish_date`, `seo_keywords`, `seo_description`, `user_id`, `category_id`, `created_at`, `updated_at`) VALUES (65, 'Erick Larson', 'erick-larson', 'Et delectus porro inventore et. Et soluta enim at eum.', '71925 Yasmeen Prairie Apt. 194\nAugustusfort, TN 18265', NULL, 1, 83, 26, 859, '1983-12-08 00:10:27', '44758,paucek,alley,suite,274,kassulkeshire,ky,13644', 'Reprehenderit expedita ad expedita quo omnis et amet. Ut debitis ratione consequatur. Sequi eveniet adipisci molestiae maxime.', 9, 10, '2023-04-02 13:27:58', '2023-04-02 13:27:58');
INSERT INTO `articles` (`id`, `title`, `slug`, `body`, `image`, `tags`, `status`, `view_count`, `like_count`, `read_time`, `publish_date`, `seo_keywords`, `seo_description`, `user_id`, `category_id`, `created_at`, `updated_at`) VALUES (66, 'Lois Bode', 'lois-bode', 'Qui nesciunt voluptas in incidunt. Iure consectetur aspernatur adipisci ea. Omnis quia vitae velit itaque reiciendis ab voluptatem. Voluptas repudiandae quis dolores vel ab.', '3391 Edwina Courts Suite 543\nJarrettfort, MO 94723-1243', NULL, 1, 86, 47, 287, '1995-03-29 18:58:14', '1902,celestino,turnpike,apt,037,new,kaceyfort,nj,50649', 'Aut illum dicta alias quod ab sit. Hic sint amet sit asperiores. Omnis delectus corrupti pariatur maxime.', 10, 7, '2023-04-02 13:27:58', '2023-04-02 13:27:58');
COMMIT;

-- ----------------------------
-- Table structure for categories
-- ----------------------------
DROP TABLE IF EXISTS `categories`;
CREATE TABLE `categories` (
  `id` bigint(20) unsigned NOT NULL AUTO_INCREMENT,
  `name` varchar(255) NOT NULL,
  `slug` varchar(255) NOT NULL,
  `color` varchar(255) DEFAULT NULL,
  `status` tinyint(1) NOT NULL DEFAULT '0',
  `image` varchar(255) DEFAULT NULL,
  `feature_status` tinyint(1) NOT NULL DEFAULT '0',
  `description` varchar(255) DEFAULT NULL,
  `parent_id` bigint(20) unsigned DEFAULT NULL,
  `order` int(11) NOT NULL DEFAULT '0',
  `seo_keywords` varchar(255) DEFAULT NULL,
  `seo_description` varchar(255) DEFAULT NULL,
  `user_id` bigint(20) unsigned NOT NULL,
  `created_at` timestamp NULL DEFAULT NULL,
  `updated_at` timestamp NULL DEFAULT NULL,
  PRIMARY KEY (`id`),
  KEY `categories_user_id_foreign` (`user_id`),
  KEY `categories_parent_id_foreign` (`parent_id`),
  CONSTRAINT `categories_parent_id_foreign` FOREIGN KEY (`parent_id`) REFERENCES `categories` (`id`) ON DELETE CASCADE,
  CONSTRAINT `categories_user_id_foreign` FOREIGN KEY (`user_id`) REFERENCES `users` (`id`)
) ENGINE=InnoDB AUTO_INCREMENT=46 DEFAULT CHARSET=utf8;

-- ----------------------------
-- Records of categories
-- ----------------------------
BEGIN;
INSERT INTO `categories` (`id`, `name`, `slug`, `color`, `status`, `image`, `feature_status`, `description`, `parent_id`, `order`, `seo_keywords`, `seo_description`, `user_id`, `created_at`, `updated_at`) VALUES (2, 'Mrs. Leola O\'Reilly', 'mrs-leola-oreilly', NULL, 0, NULL, 0, 'Eos non ducimus sed pariatur unde et. Quod assumenda qui quia dolore blanditiis deserunt. Distinctio quis tempora consectetur ut sequi necessitatibus iste.', NULL, 736, '9904,cummings,prairie,marilynehaven,az,35406', 'Voluptatem error maiores vel. Nisi aliquid consequatur provident totam optio et itaque. Consequuntur nihil ea ipsum necessitatibus voluptate. Aliquid blanditiis temporibus doloremque odio.', 3, '2023-03-26 16:21:29', '2023-03-26 16:21:29');
INSERT INTO `categories` (`id`, `name`, `slug`, `color`, `status`, `image`, `feature_status`, `description`, `parent_id`, `order`, `seo_keywords`, `seo_description`, `user_id`, `created_at`, `updated_at`) VALUES (3, 'Prof. Karson Braun', 'prof-karson-braun', NULL, 0, NULL, 0, 'Et numquam quo sit qui quo tempora iusto. Esse fugit qui ratione similique ut ut exercitationem. Vel architecto voluptatem ea et officia rem qui.', NULL, 437, '1594,cummerata,overpass,west,dashawnland,va,62944', 'Et sint quia assumenda perferendis nihil accusantium nemo. Explicabo consectetur inventore aperiam ipsum voluptatem et quaerat. Sint quod ipsam dicta quo. Est aut magnam ullam.', 10, '2023-03-26 16:21:29', '2023-03-26 16:21:29');
INSERT INTO `categories` (`id`, `name`, `slug`, `color`, `status`, `image`, `feature_status`, `description`, `parent_id`, `order`, `seo_keywords`, `seo_description`, `user_id`, `created_at`, `updated_at`) VALUES (5, 'Maci Leannon', 'maci-leannon', NULL, 1, NULL, 0, 'Sed sequi dicta commodi sed aut exercitationem. Porro qui placeat rerum ab est est in sit. Ducimus dolor ipsa iste cumque ab.', NULL, 158, '141,kihn,crest,port,jacinthe,vt,22870', 'Quae dolore quis et. Culpa est dolorum quo impedit optio dolore. Perspiciatis esse ut repellat asperiores labore est laudantium. Nostrum earum nemo beatae ex et et earum facilis.', 1, '2023-03-26 16:21:29', '2023-03-26 16:21:29');
INSERT INTO `categories` (`id`, `name`, `slug`, `color`, `status`, `image`, `feature_status`, `description`, `parent_id`, `order`, `seo_keywords`, `seo_description`, `user_id`, `created_at`, `updated_at`) VALUES (6, 'Dayne Boyle', 'dayne-boyle', NULL, 1, NULL, 0, 'Recusandae incidunt modi aliquid repellendus et qui qui. Amet consequatur nemo impedit aut tempore rem.', NULL, 504, '494,kaitlyn,glens,apt,920,new,henry,ok,24472,9390', 'Dolor ipsa totam eos ullam numquam perspiciatis sit. Minus cumque culpa recusandae consequatur et cupiditate. Voluptatem tempora optio a sint. Voluptate a nihil qui ratione.', 4, '2023-03-26 16:21:29', '2023-03-26 16:21:29');
INSERT INTO `categories` (`id`, `name`, `slug`, `color`, `status`, `image`, `feature_status`, `description`, `parent_id`, `order`, `seo_keywords`, `seo_description`, `user_id`, `created_at`, `updated_at`) VALUES (7, 'Dolores Macejkovic', 'dolores-macejkovic', NULL, 0, NULL, 0, 'Ut porro consequatur esse. Esse quos ex rerum commodi et magni mollitia. Quibusdam eum fuga veniam ipsam ea dolores optio. Consequatur incidunt possimus tenetur ullam labore et.', NULL, 228, '1338,brain,fords,new,nova,co,62073', 'Et hic sit ab eligendi autem reiciendis omnis. Quae eos modi velit ut odit ipsum quis et. Aut commodi sequi reiciendis minus doloremque.', 7, '2023-03-26 16:21:29', '2023-03-26 16:21:29');
INSERT INTO `categories` (`id`, `name`, `slug`, `color`, `status`, `image`, `feature_status`, `description`, `parent_id`, `order`, `seo_keywords`, `seo_description`, `user_id`, `created_at`, `updated_at`) VALUES (8, 'Inez Campos', 'officia-eveniet-per', NULL, 1, NULL, 1, 'In sed assumenda ab', 11, 97, 'Voluptates sit rerum', 'Eaque veniam est el', 10, '2023-03-26 16:21:29', '2023-03-30 09:08:41');
INSERT INTO `categories` (`id`, `name`, `slug`, `color`, `status`, `image`, `feature_status`, `description`, `parent_id`, `order`, `seo_keywords`, `seo_description`, `user_id`, `created_at`, `updated_at`) VALUES (9, 'Oren Frami', 'oren-frami', NULL, 0, NULL, 0, 'Odit nisi temporibus laudantium placeat sed. Ullam suscipit est aut nisi veritatis rem et eum. Quasi est neque quod a nemo nisi. Perferendis dolor totam accusantium et doloremque modi id.', NULL, 77, '837,upton,crossing,lake,ocieborough,me,17520', 'Unde maxime libero voluptatibus suscipit. Ea eaque harum aut ullam est unde. Tenetur ut aliquam et fuga occaecati blanditiis.', 4, '2023-03-26 16:21:29', '2023-03-26 16:21:29');
INSERT INTO `categories` (`id`, `name`, `slug`, `color`, `status`, `image`, `feature_status`, `description`, `parent_id`, `order`, `seo_keywords`, `seo_description`, `user_id`, `created_at`, `updated_at`) VALUES (10, 'Prof. Skylar Eichmann', 'prof-skylar-eichmann', NULL, 1, NULL, 0, 'Voluptatum est dicta porro minus. Optio ea unde reprehenderit recusandae aut.', NULL, 515, '6822,roxane,pass,binsmouth,nh,76923,1976', 'Voluptatum unde sed magni hic ea iure sequi id. Deleniti dolorem ratione at eos sapiente.', 4, '2023-03-26 16:21:29', '2023-03-26 16:21:29');
INSERT INTO `categories` (`id`, `name`, `slug`, `color`, `status`, `image`, `feature_status`, `description`, `parent_id`, `order`, `seo_keywords`, `seo_description`, `user_id`, `created_at`, `updated_at`) VALUES (11, 'Ms. Haylee Price', 'ms-haylee-price', NULL, 1, NULL, 0, 'Non ea asperiores ut laudantium vitae occaecati. Vel aut est consequatur blanditiis error nostrum labore sapiente. Perspiciatis quos sit aspernatur nihil alias eaque voluptatem.', NULL, 492, '249,myra,turnpike,east,barbara,nh,14674', 'Sequi est vel quisquam quibusdam velit. Quae qui cumque veniam aut in ipsam provident. Aut rerum veritatis quia fugit tempora eos.', 9, '2023-03-26 16:21:29', '2023-03-26 16:21:29');
INSERT INTO `categories` (`id`, `name`, `slug`, `color`, `status`, `image`, `feature_status`, `description`, `parent_id`, `order`, `seo_keywords`, `seo_description`, `user_id`, `created_at`, `updated_at`) VALUES (12, 'Greyson Douglas', 'greyson-douglas', NULL, 1, NULL, 1, 'Et temporibus facilis delectus aliquam ut numquam aperiam. Est et suscipit numquam nobis aut voluptate iure.', 12, 625, '570,walter,fork,suite,374,rachelfurt,nm,96061', 'Quos iure et molestiae repellat architecto odit laborum. Eos nemo saepe beatae numquam eos fuga atque. Inventore velit dolorem aperiam harum. Rem ut praesentium nihil sit qui.', 8, '2023-03-26 16:21:29', '2023-03-30 09:16:55');
INSERT INTO `categories` (`id`, `name`, `slug`, `color`, `status`, `image`, `feature_status`, `description`, `parent_id`, `order`, `seo_keywords`, `seo_description`, `user_id`, `created_at`, `updated_at`) VALUES (13, 'Mr. Zechariah Paucek', 'mr-zechariah-paucek', NULL, 1, NULL, 0, 'Dolorum vitae hic ut dolore non blanditiis voluptas doloremque. Et suscipit qui qui fuga. Eaque libero sit culpa vero. Quo ipsam sequi similique sint saepe tenetur.', NULL, 543, '16816,dare,port,apt,812,south,elouiseland,or,09987', 'Ipsa ut placeat aut sit cumque. Quis ducimus aliquid maiores repudiandae voluptatum voluptatem. Velit saepe et consequuntur sit hic.', 9, '2023-03-26 16:21:29', '2023-03-26 16:21:29');
INSERT INTO `categories` (`id`, `name`, `slug`, `color`, `status`, `image`, `feature_status`, `description`, `parent_id`, `order`, `seo_keywords`, `seo_description`, `user_id`, `created_at`, `updated_at`) VALUES (14, 'Aidan Kertzmann', 'aidan-kertzmann', NULL, 0, NULL, 0, 'Architecto corporis accusamus consequatur aut aut perspiciatis adipisci. Quibusdam debitis vel reprehenderit quisquam non. Earum sapiente consequatur molestiae reprehenderit laborum odio maxime aut.', NULL, 831, '383,marks,springs,suite,188,ritaville,ar,35340', 'Velit voluptatum eos minima eaque sint. Et consectetur molestiae et omnis vitae commodi illo blanditiis. Facilis et est dolor aut nobis.', 9, '2023-03-26 16:21:29', '2023-03-26 16:21:29');
INSERT INTO `categories` (`id`, `name`, `slug`, `color`, `status`, `image`, `feature_status`, `description`, `parent_id`, `order`, `seo_keywords`, `seo_description`, `user_id`, `created_at`, `updated_at`) VALUES (16, 'Dr. Kirstin Schuster IV', 'dr-kirstin-schuster-iv', NULL, 0, NULL, 0, 'Et voluptatem at nesciunt. Quidem est ex est consectetur commodi deleniti ut. Quis sit laborum tempore est vel et. Ullam iste tenetur doloremque assumenda id tempore.', NULL, 366, '82216,grant,estates,kassulkeville,mo,76413', 'Maiores enim tenetur sed alias. Sed cumque nulla illo aliquid repudiandae aspernatur molestias.', 6, '2023-03-26 16:21:29', '2023-03-26 16:21:29');
INSERT INTO `categories` (`id`, `name`, `slug`, `color`, `status`, `image`, `feature_status`, `description`, `parent_id`, `order`, `seo_keywords`, `seo_description`, `user_id`, `created_at`, `updated_at`) VALUES (18, 'Miss Helga Johnston', 'miss-helga-johnston', NULL, 0, NULL, 0, 'Dolorem aut ut est harum ad quibusdam et. Unde corporis et explicabo ut voluptas quo debitis. Id voluptatem numquam autem hic.', NULL, 185, '847,dach,heights,bahringerstad,ca,97251,0955', 'Dolores veritatis eum rerum. Quo odio eum fugiat officia deserunt vel ipsam. Et nam vel accusamus excepturi libero voluptatem voluptatum. Veniam sit quo facilis.', 4, '2023-03-26 16:21:29', '2023-03-26 16:21:29');
INSERT INTO `categories` (`id`, `name`, `slug`, `color`, `status`, `image`, `feature_status`, `description`, `parent_id`, `order`, `seo_keywords`, `seo_description`, `user_id`, `created_at`, `updated_at`) VALUES (19, 'Alfonso Lesch IV', 'alfonso-lesch-iv', NULL, 1, NULL, 0, 'Consequatur non quia accusamus aut vel quia ut molestiae. Ducimus quae repellat et placeat consectetur. Libero velit quibusdam delectus ad reprehenderit voluptatum dolor consequuntur.', NULL, 817, '3220,schmeler,way,kovacekborough,nj,52252', 'Quo ut velit laboriosam iusto molestias. Similique aut in ut voluptas velit qui. Illum totam iste quis alias. Et quam sit quia.', 3, '2023-03-26 16:21:29', '2023-03-26 16:21:29');
INSERT INTO `categories` (`id`, `name`, `slug`, `color`, `status`, `image`, `feature_status`, `description`, `parent_id`, `order`, `seo_keywords`, `seo_description`, `user_id`, `created_at`, `updated_at`) VALUES (20, 'Dr. Genesis Bauch', 'dr-genesis-bauch', NULL, 1, NULL, 0, 'Dolor dolor rerum aliquid commodi temporibus. Asperiores minima minima esse dicta. Ipsam aliquid quibusdam laboriosam numquam.', NULL, 370, '518,rachelle,isle,port,julietville,mn,44480', 'Omnis pariatur illo qui velit. Veniam at ea eligendi ut harum exercitationem ut. Enim velit dolorem ipsam consequatur.', 5, '2023-03-26 16:21:29', '2023-03-26 16:21:29');
INSERT INTO `categories` (`id`, `name`, `slug`, `color`, `status`, `image`, `feature_status`, `description`, `parent_id`, `order`, `seo_keywords`, `seo_description`, `user_id`, `created_at`, `updated_at`) VALUES (21, 'Dr. Mallory Cruickshank Jr.', 'dr-mallory-cruickshank-jr', NULL, 1, NULL, 0, 'Dignissimos saepe quam non voluptas. Velit doloremque eum ducimus quo. Mollitia omnis beatae iste. Totam eaque iusto aperiam.', 19, 322, '7479,mcclure,lights,new,kobybury,vt,63802,6753', 'Aut molestiae dolor sit eum qui. Repellat aut aperiam facilis sit expedita inventore laudantium. Vero eos est in dicta possimus. Natus et porro veniam perferendis adipisci aliquam.', 1, '2023-03-26 16:22:10', '2023-03-26 16:22:10');
INSERT INTO `categories` (`id`, `name`, `slug`, `color`, `status`, `image`, `feature_status`, `description`, `parent_id`, `order`, `seo_keywords`, `seo_description`, `user_id`, `created_at`, `updated_at`) VALUES (25, 'Hortense Cartwright', 'hortense-cartwright', NULL, 0, NULL, 0, 'Odit qui perferendis alias quo. Et vel unde aut ut in.', 10, 518, '3929,gorczany,parkway,new,myrtle,il,77622', 'Mollitia alias recusandae amet impedit facilis. Harum quos dignissimos ut unde sunt enim. Sunt nulla minus pariatur et veniam. Rerum at molestiae consequatur et qui modi.', 5, '2023-03-26 16:22:10', '2023-03-26 16:22:10');
INSERT INTO `categories` (`id`, `name`, `slug`, `color`, `status`, `image`, `feature_status`, `description`, `parent_id`, `order`, `seo_keywords`, `seo_description`, `user_id`, `created_at`, `updated_at`) VALUES (26, 'Bailee Christiansen DDS', 'bailee-christiansen-dds', NULL, 0, NULL, 0, 'Dolore veniam odio et doloribus amet labore illum. Et quo quo consequuntur voluptatibus alias sunt ipsam. Voluptate alias vero possimus doloribus officia.', 16, 478, '962,legros,spur,suite,210,south,kristin,tx,92632', 'Ut dolores illum dolorum molestiae voluptatem quos dolor. Porro exercitationem sed non provident. Ea quam corrupti laudantium aut quam. Consequatur error laborum blanditiis fugit.', 2, '2023-03-26 16:22:10', '2023-03-26 16:22:10');
INSERT INTO `categories` (`id`, `name`, `slug`, `color`, `status`, `image`, `feature_status`, `description`, `parent_id`, `order`, `seo_keywords`, `seo_description`, `user_id`, `created_at`, `updated_at`) VALUES (27, 'Dr. America Jast I', 'dr-america-jast-i', NULL, 0, NULL, 0, 'Facilis dolor qui reiciendis nesciunt nobis nesciunt omnis. Qui voluptate deleniti eligendi neque esse. Voluptates ab voluptate unde nam. Nobis rem nobis facere explicabo.', 9, 454, '8838,ernest,rapids,port,drewshire,ky,15610', 'Labore cum amet qui quidem quae dolore. Dolores consequatur rerum et quod eaque ea esse ut. Molestiae officiis voluptatibus velit asperiores porro.', 7, '2023-03-26 16:22:10', '2023-03-26 16:22:10');
INSERT INTO `categories` (`id`, `name`, `slug`, `color`, `status`, `image`, `feature_status`, `description`, `parent_id`, `order`, `seo_keywords`, `seo_description`, `user_id`, `created_at`, `updated_at`) VALUES (28, 'Sophie O\'Connell', 'sophie-oconnell', NULL, 0, NULL, 0, 'Aut dolorem perspiciatis rerum in nulla porro sed. Cupiditate deserunt quia ipsum. Consequatur illo ab labore nisi tempore. Eligendi ut eos quisquam sint vel vel quia.', 18, 221, '55914,veda,valley,suite,978,mertzborough,tx,64885,5317', 'Voluptatum enim qui fuga excepturi vitae enim quidem dolorem. Possimus omnis unde odio distinctio velit. Quia reiciendis dolor distinctio.', 1, '2023-03-26 16:22:10', '2023-03-26 16:22:10');
INSERT INTO `categories` (`id`, `name`, `slug`, `color`, `status`, `image`, `feature_status`, `description`, `parent_id`, `order`, `seo_keywords`, `seo_description`, `user_id`, `created_at`, `updated_at`) VALUES (29, 'Adelle Monahan PhD', 'adelle-monahan-phd', NULL, 0, NULL, 0, 'Voluptatum sint molestiae dolores non. A praesentium molestias esse ut voluptatibus. Veritatis omnis ab dolore a sint. Voluptas voluptatum et reprehenderit.', 2, 650, '51297,reuben,manors,suite,255,yundtview,ma,21191,8547', 'Exercitationem quibusdam laborum ullam explicabo. Ut quia minima animi assumenda ipsum assumenda. Rerum natus omnis maiores ipsam aut sed. Nam doloremque dolore consequatur aut aut.', 3, '2023-03-26 16:22:10', '2023-03-26 16:22:10');
INSERT INTO `categories` (`id`, `name`, `slug`, `color`, `status`, `image`, `feature_status`, `description`, `parent_id`, `order`, `seo_keywords`, `seo_description`, `user_id`, `created_at`, `updated_at`) VALUES (30, 'Trevor Feil III', 'trevor-feil-iii', NULL, 1, NULL, 0, 'Sunt et velit dignissimos libero cum ad nihil. Exercitationem ab soluta numquam. Voluptates optio nemo non rem. Autem id ut exercitationem sed.', 2, 478, '902,auer,brook,east,marlinburgh,wy,65629', 'Ut laboriosam et cum sapiente ullam. Eaque ipsa a ratione deleniti magni alias.', 6, '2023-03-26 16:22:10', '2023-03-26 16:22:10');
INSERT INTO `categories` (`id`, `name`, `slug`, `color`, `status`, `image`, `feature_status`, `description`, `parent_id`, `order`, `seo_keywords`, `seo_description`, `user_id`, `created_at`, `updated_at`) VALUES (31, 'Elbert Rosenbaum MD', 'elbert-rosenbaum-md', NULL, 0, NULL, 0, 'Voluptatem voluptatum tempore molestias. Itaque beatae itaque impedit est eius. Dolor dolorem voluptatem vero numquam et nihil incidunt. Dolor voluptatem ea perspiciatis dolore accusantium dolor ut.', 13, 204, '2687,scot,throughway,suite,573,new,sanford,ne,39130,6811', 'Eum assumenda laudantium aut dolorum quia sunt laborum. Aut odio ut est harum eligendi consequatur. Labore et unde delectus quis reiciendis. Aut maxime ipsa possimus expedita soluta totam id.', 10, '2023-03-26 16:22:10', '2023-03-26 16:22:10');
INSERT INTO `categories` (`id`, `name`, `slug`, `color`, `status`, `image`, `feature_status`, `description`, `parent_id`, `order`, `seo_keywords`, `seo_description`, `user_id`, `created_at`, `updated_at`) VALUES (32, 'Lawrence Muller PhD', 'lawrence-muller-phd', NULL, 0, NULL, 0, 'Libero autem harum blanditiis ipsam provident. Quod illo ut sit assumenda.', 12, 175, '8000,watsica,freeway,apt,099,andrestown,ny,66462', 'Esse aut quisquam ullam. Laudantium rerum illo et eum. Amet eaque magni temporibus natus in ex. Harum aliquam excepturi ut quasi. Ad nostrum nulla voluptatibus. Accusamus et totam quae sed.', 10, '2023-03-26 16:22:10', '2023-03-26 16:22:10');
INSERT INTO `categories` (`id`, `name`, `slug`, `color`, `status`, `image`, `feature_status`, `description`, `parent_id`, `order`, `seo_keywords`, `seo_description`, `user_id`, `created_at`, `updated_at`) VALUES (34, 'Mrs. Emmie Gutmann PhD', 'mrs-emmie-gutmann-phd', '#ff0000', 1, 'storage/categories/reco.png', 1, 'Dolor blanditiis et et repellat asperiores aliquid. Explicabo velit ut ab aut quae. Explicabo odit itaque alias. Nam natus ut qui rerum delectus.', 34, 859, '298,cheyenne,groves,suite,824,west,gunnar,nd,88393,6473', 'Voluptas nihil doloremque quam sequi hic deserunt. Soluta deserunt vel omnis et explicabo iste. Molestiae doloribus accusantium ea amet.', 6, '2023-03-26 16:22:10', '2023-04-01 11:41:56');
INSERT INTO `categories` (`id`, `name`, `slug`, `color`, `status`, `image`, `feature_status`, `description`, `parent_id`, `order`, `seo_keywords`, `seo_description`, `user_id`, `created_at`, `updated_at`) VALUES (40, 'Hassie Abbott', 'hassie-abbott', NULL, 1, NULL, 0, 'Voluptas molestias ad est neque animi unde alias cupiditate. Quam praesentium error veniam nemo ducimus nesciunt. Eos qui quas et vel cum fugit vero. Sit rem saepe quas et.', 2, 551, '364,jaunita,plains,wizaport,az,24108,7416', 'Necessitatibus iure distinctio autem aliquam omnis illum dolores. Quia aut ipsum non hic. Atque vero laboriosam sunt recusandae optio quia voluptates. Error tenetur occaecati maiores est ut rerum.', 5, '2023-03-26 16:22:10', '2023-03-26 16:22:10');
INSERT INTO `categories` (`id`, `name`, `slug`, `color`, `status`, `image`, `feature_status`, `description`, `parent_id`, `order`, `seo_keywords`, `seo_description`, `user_id`, `created_at`, `updated_at`) VALUES (41, 'Alden Ballard', 'ut-voluptas-omnis-re', NULL, 1, NULL, 1, 'Sapiente possimus v', 25, 21, 'Ex voluptate obcaeca', 'Similique ut sit ir', 8, '2023-03-26 20:43:16', '2023-03-26 20:43:16');
INSERT INTO `categories` (`id`, `name`, `slug`, `color`, `status`, `image`, `feature_status`, `description`, `parent_id`, `order`, `seo_keywords`, `seo_description`, `user_id`, `created_at`, `updated_at`) VALUES (44, 'Yeo Wilkerson', 'molestiae-nostrud-qu', NULL, 0, 'storage/categories/seco.png', 0, 'Est ea occaecat eum', 34, 44, 'Deserunt ut non dese', 'Aut voluptatem Et e', 1, '2023-03-30 10:16:32', '2023-03-30 10:16:32');
INSERT INTO `categories` (`id`, `name`, `slug`, `color`, `status`, `image`, `feature_status`, `description`, `parent_id`, `order`, `seo_keywords`, `seo_description`, `user_id`, `created_at`, `updated_at`) VALUES (45, 'GGR GOKDEMIR 16', 'cum-anim-occaecat-to', NULL, 1, 'storage/categories/reco.png', 1, 'Debitis accusamus as', 27, 80, 'Quia quae aliquip qu', 'Eu qui ab elit sed', 1, '2023-03-30 10:17:16', '2023-03-30 10:17:16');
COMMIT;

-- ----------------------------
-- Table structure for failed_jobs
-- ----------------------------
DROP TABLE IF EXISTS `failed_jobs`;
CREATE TABLE `failed_jobs` (
  `id` bigint(20) unsigned NOT NULL AUTO_INCREMENT,
  `uuid` varchar(255) NOT NULL,
  `connection` text NOT NULL,
  `queue` text NOT NULL,
  `payload` longtext NOT NULL,
  `exception` longtext NOT NULL,
  `failed_at` timestamp NOT NULL DEFAULT CURRENT_TIMESTAMP,
  PRIMARY KEY (`id`),
  UNIQUE KEY `failed_jobs_uuid_unique` (`uuid`)
) ENGINE=InnoDB DEFAULT CHARSET=utf8;

-- ----------------------------
-- Records of failed_jobs
-- ----------------------------
BEGIN;
COMMIT;

-- ----------------------------
-- Table structure for migrations
-- ----------------------------
DROP TABLE IF EXISTS `migrations`;
CREATE TABLE `migrations` (
  `id` int(10) unsigned NOT NULL AUTO_INCREMENT,
  `migration` varchar(255) NOT NULL,
  `batch` int(11) NOT NULL,
  PRIMARY KEY (`id`)
) ENGINE=InnoDB AUTO_INCREMENT=28 DEFAULT CHARSET=utf8;

-- ----------------------------
-- Records of migrations
-- ----------------------------
BEGIN;
INSERT INTO `migrations` (`id`, `migration`, `batch`) VALUES (1, '2014_10_12_000000_create_users_table', 1);
INSERT INTO `migrations` (`id`, `migration`, `batch`) VALUES (2, '2014_10_12_100000_create_password_reset_tokens_table', 1);
INSERT INTO `migrations` (`id`, `migration`, `batch`) VALUES (3, '2019_08_19_000000_create_failed_jobs_table', 1);
INSERT INTO `migrations` (`id`, `migration`, `batch`) VALUES (4, '2019_12_14_000001_create_personal_access_tokens_table', 1);
INSERT INTO `migrations` (`id`, `migration`, `batch`) VALUES (5, '2023_03_23_134344_create_categories_table', 1);
INSERT INTO `migrations` (`id`, `migration`, `batch`) VALUES (6, '2023_03_23_134407_create_articles_table', 1);
INSERT INTO `migrations` (`id`, `migration`, `batch`) VALUES (7, '2023_03_30_073237_drop_foreign_categories_parent_id', 2);
INSERT INTO `migrations` (`id`, `migration`, `batch`) VALUES (8, '2023_03_30_074713_add_foreign_parent_id_categories', 3);
INSERT INTO `migrations` (`id`, `migration`, `batch`) VALUES (9, '2023_03_30_075232_add_and_drop_foreignkey_articles_category_id', 4);
INSERT INTO `migrations` (`id`, `migration`, `batch`) VALUES (10, '2023_03_30_090001_add_column_image_to_categories', 5);
INSERT INTO `migrations` (`id`, `migration`, `batch`) VALUES (11, '2023_03_30_093212_add_color_column_to_categories', 6);
INSERT INTO `migrations` (`id`, `migration`, `batch`) VALUES (12, '2023_03_30_194121_create_settings_table', 7);
INSERT INTO `migrations` (`id`, `migration`, `batch`) VALUES (13, '2023_03_30_210833_add_telegram_link_column_to_settings', 8);
INSERT INTO `migrations` (`id`, `migration`, `batch`) VALUES (14, '2023_04_02_103845_add_username_column_to_users', 9);
INSERT INTO `migrations` (`id`, `migration`, `batch`) VALUES (15, '2023_04_02_211244_add_columns_to_users', 10);
INSERT INTO `migrations` (`id`, `migration`, `batch`) VALUES (16, '2023_04_02_220256_add_status_column_to_users', 11);
INSERT INTO `migrations` (`id`, `migration`, `batch`) VALUES (17, '2023_04_02_223013_soft_delete_add_column_to_users', 12);
INSERT INTO `migrations` (`id`, `migration`, `batch`) VALUES (18, '2023_04_03_201226_add_status_column_to_users', 13);
INSERT INTO `migrations` (`id`, `migration`, `batch`) VALUES (19, '2023_04_03_203101_create_article_comments_table', 14);
INSERT INTO `migrations` (`id`, `migration`, `batch`) VALUES (20, '2023_04_03_210831_add_soft_deletes_column_to_article_comments', 15);
INSERT INTO `migrations` (`id`, `migration`, `batch`) VALUES (21, '2023_04_04_091254_add_column_is_admin_to_users', 16);
INSERT INTO `migrations` (`id`, `migration`, `batch`) VALUES (22, '2023_04_04_100416_add_default_comment_profile_image_column_to_settings', 17);
INSERT INTO `migrations` (`id`, `migration`, `batch`) VALUES (23, '2023_04_04_105249_create_user_like_comments_table', 18);
INSERT INTO `migrations` (`id`, `migration`, `batch`) VALUES (24, '2023_04_05_074202_create_user_like_articles', 19);
INSERT INTO `migrations` (`id`, `migration`, `batch`) VALUES (25, '2023_04_06_210513_add_column_social_login_to_users', 20);
INSERT INTO `migrations` (`id`, `migration`, `batch`) VALUES (26, '2023_04_07_074453_create_users_verify_table', 21);
INSERT INTO `migrations` (`id`, `migration`, `batch`) VALUES (27, '2023_04_09_192703_add_approve_status_column_to_article_comments', 22);
COMMIT;

-- ----------------------------
-- Table structure for password_reset_tokens
-- ----------------------------
DROP TABLE IF EXISTS `password_reset_tokens`;
CREATE TABLE `password_reset_tokens` (
  `email` varchar(255) NOT NULL,
  `token` varchar(255) NOT NULL,
  `created_at` timestamp NULL DEFAULT NULL,
  PRIMARY KEY (`email`)
) ENGINE=InnoDB DEFAULT CHARSET=utf8;

-- ----------------------------
-- Records of password_reset_tokens
-- ----------------------------
BEGIN;
COMMIT;

-- ----------------------------
-- Table structure for personal_access_tokens
-- ----------------------------
DROP TABLE IF EXISTS `personal_access_tokens`;
CREATE TABLE `personal_access_tokens` (
  `id` bigint(20) unsigned NOT NULL AUTO_INCREMENT,
  `tokenable_type` varchar(255) NOT NULL,
  `tokenable_id` bigint(20) unsigned NOT NULL,
  `name` varchar(255) NOT NULL,
  `token` varchar(64) NOT NULL,
  `abilities` text,
  `last_used_at` timestamp NULL DEFAULT NULL,
  `expires_at` timestamp NULL DEFAULT NULL,
  `created_at` timestamp NULL DEFAULT NULL,
  `updated_at` timestamp NULL DEFAULT NULL,
  PRIMARY KEY (`id`),
  UNIQUE KEY `personal_access_tokens_token_unique` (`token`),
  KEY `personal_access_tokens_tokenable_type_tokenable_id_index` (`tokenable_type`,`tokenable_id`)
) ENGINE=InnoDB DEFAULT CHARSET=utf8;

-- ----------------------------
-- Records of personal_access_tokens
-- ----------------------------
BEGIN;
COMMIT;

-- ----------------------------
-- Table structure for settings
-- ----------------------------
DROP TABLE IF EXISTS `settings`;
CREATE TABLE `settings` (
  `id` bigint(20) unsigned NOT NULL AUTO_INCREMENT,
  `logo` varchar(255) DEFAULT NULL,
  `telegram_link` varchar(255) DEFAULT NULL,
  `header_text` varchar(255) DEFAULT NULL,
  `feature_categories_is_active` tinyint(1) NOT NULL DEFAULT '1',
  `video_is_active` tinyint(1) NOT NULL DEFAULT '1',
  `author_is_active` tinyint(1) NOT NULL DEFAULT '1',
  `footer_text` varchar(255) DEFAULT NULL,
  `category_default_image` varchar(255) DEFAULT NULL,
  `article_default_image` varchar(255) DEFAULT NULL,
  `default_comment_profile_image` varchar(255) DEFAULT 'assets/image/user-images/default.png',
  `created_at` timestamp NULL DEFAULT NULL,
  `updated_at` timestamp NULL DEFAULT NULL,
  PRIMARY KEY (`id`)
) ENGINE=InnoDB AUTO_INCREMENT=2 DEFAULT CHARSET=utf8;

-- ----------------------------
-- Records of settings
-- ----------------------------
BEGIN;
INSERT INTO `settings` (`id`, `logo`, `telegram_link`, `header_text`, `feature_categories_is_active`, `video_is_active`, `author_is_active`, `footer_text`, `category_default_image`, `article_default_image`, `default_comment_profile_image`, `created_at`, `updated_at`) VALUES (1, 'storage/settings/ayg.png', 'http://www.google.com', 'Aygün Keçe Recep Gökdemir', 1, 1, 1, '{copy}  {year} her hakkı saklıdır.', 'storage/settings/reco.png', 'storage/settings/seco.png', 'assets/images/user-images/default.png', '2023-03-30 20:38:21', '2023-04-04 11:39:43');
COMMIT;

-- ----------------------------
-- Table structure for user_like_articles
-- ----------------------------
DROP TABLE IF EXISTS `user_like_articles`;
CREATE TABLE `user_like_articles` (
  `article_id` bigint(20) unsigned NOT NULL,
  `user_id` bigint(20) unsigned NOT NULL,
  KEY `user_like_articles_article_id_foreign` (`article_id`),
  KEY `user_like_articles_user_id_foreign` (`user_id`),
  CONSTRAINT `user_like_articles_article_id_foreign` FOREIGN KEY (`article_id`) REFERENCES `articles` (`id`) ON DELETE CASCADE,
  CONSTRAINT `user_like_articles_user_id_foreign` FOREIGN KEY (`user_id`) REFERENCES `users` (`id`) ON DELETE CASCADE
) ENGINE=InnoDB DEFAULT CHARSET=utf8;

-- ----------------------------
-- Records of user_like_articles
-- ----------------------------
BEGIN;
INSERT INTO `user_like_articles` (`article_id`, `user_id`) VALUES (2, 5);
INSERT INTO `user_like_articles` (`article_id`, `user_id`) VALUES (2, 1);
COMMIT;

-- ----------------------------
-- Table structure for user_like_comments
-- ----------------------------
DROP TABLE IF EXISTS `user_like_comments`;
CREATE TABLE `user_like_comments` (
  `user_id` bigint(20) unsigned NOT NULL,
  `comment_id` bigint(20) unsigned NOT NULL,
  KEY `user_like_comments_user_id_foreign` (`user_id`),
  KEY `user_like_comments_comment_id_foreign` (`comment_id`),
  CONSTRAINT `user_like_comments_comment_id_foreign` FOREIGN KEY (`comment_id`) REFERENCES `article_comments` (`id`) ON DELETE CASCADE,
  CONSTRAINT `user_like_comments_user_id_foreign` FOREIGN KEY (`user_id`) REFERENCES `users` (`id`) ON DELETE CASCADE
) ENGINE=InnoDB DEFAULT CHARSET=utf8;

-- ----------------------------
-- Records of user_like_comments
-- ----------------------------
BEGIN;
INSERT INTO `user_like_comments` (`user_id`, `comment_id`) VALUES (4, 6);
INSERT INTO `user_like_comments` (`user_id`, `comment_id`) VALUES (5, 6);
INSERT INTO `user_like_comments` (`user_id`, `comment_id`) VALUES (1, 1);
INSERT INTO `user_like_comments` (`user_id`, `comment_id`) VALUES (1, 6);
COMMIT;

-- ----------------------------
-- Table structure for users
-- ----------------------------
DROP TABLE IF EXISTS `users`;
CREATE TABLE `users` (
  `id` bigint(20) unsigned NOT NULL AUTO_INCREMENT,
  `name` varchar(255) NOT NULL,
  `email` varchar(255) NOT NULL,
  `username` varchar(255) DEFAULT NULL,
  `about` varchar(255) DEFAULT NULL,
  `image` varchar(255) DEFAULT NULL,
  `status` tinyint(1) NOT NULL DEFAULT '1',
  `is_admin` tinyint(1) NOT NULL DEFAULT '0',
  `email_verified_at` timestamp NULL DEFAULT NULL,
  `password` varchar(255) DEFAULT NULL,
  `remember_token` varchar(100) DEFAULT NULL,
  `created_at` timestamp NULL DEFAULT NULL,
  `updated_at` timestamp NULL DEFAULT NULL,
  `deleted_at` timestamp NULL DEFAULT NULL,
  `google_id` varchar(255) DEFAULT NULL,
  `facebook_id` varchar(255) DEFAULT NULL,
  `twitter_id` varchar(255) DEFAULT NULL,
  `github_id` varchar(255) DEFAULT NULL,
  PRIMARY KEY (`id`),
  UNIQUE KEY `users_email_unique` (`email`)
) ENGINE=InnoDB AUTO_INCREMENT=41 DEFAULT CHARSET=utf8;

-- ----------------------------
-- Records of users
-- ----------------------------
BEGIN;
INSERT INTO `users` (`id`, `name`, `email`, `username`, `about`, `image`, `status`, `is_admin`, `email_verified_at`, `password`, `remember_token`, `created_at`, `updated_at`, `deleted_at`, `google_id`, `facebook_id`, `twitter_id`, `github_id`) VALUES (1, 'Eddie Spinka', 'bret.watsica@example.org', 'eddie-spinka', NULL, '/assets/images/user-images/profile1.png', 1, 1, '2023-03-26 16:21:29', '$2y$10$92IXUNpkjO0rOQ5byMi.Ye4oKoEa3Ro9llC/.og/at2.uheWG/igi', 'U2SRrJVVL6hWyzfHntNvs1gFef27LDgm7S97NxuXxJDWIRZ7EH5AV4aNabQy', '2023-03-26 16:21:29', '2023-04-04 09:35:16', NULL, NULL, NULL, NULL, NULL);
INSERT INTO `users` (`id`, `name`, `email`, `username`, `about`, `image`, `status`, `is_admin`, `email_verified_at`, `password`, `remember_token`, `created_at`, `updated_at`, `deleted_at`, `google_id`, `facebook_id`, `twitter_id`, `github_id`) VALUES (2, 'Kiera Hansen', 'sebastian33@example.com', 'kiera-hansen', NULL, NULL, 1, 1, '2023-03-26 16:21:29', '$2y$10$92IXUNpkjO0rOQ5byMi.Ye4oKoEa3Ro9llC/.og/at2.uheWG/igi', 'gNGnajvNvp', '2023-03-26 16:21:29', '2023-04-07 09:21:43', '2023-04-07 09:21:43', NULL, NULL, NULL, NULL);
INSERT INTO `users` (`id`, `name`, `email`, `username`, `about`, `image`, `status`, `is_admin`, `email_verified_at`, `password`, `remember_token`, `created_at`, `updated_at`, `deleted_at`, `google_id`, `facebook_id`, `twitter_id`, `github_id`) VALUES (3, 'Caleb Leffler MD', 'tyler.harvey@example.org', 'caleb-leffler-md', NULL, '/assets/images/user-images/profile2.png', 1, 1, '2023-03-26 16:21:29', '$2y$10$92IXUNpkjO0rOQ5byMi.Ye4oKoEa3Ro9llC/.og/at2.uheWG/igi', 'vqUtCy1OBq', '2023-03-26 16:21:29', '2023-04-07 09:22:07', NULL, NULL, NULL, NULL, NULL);
INSERT INTO `users` (`id`, `name`, `email`, `username`, `about`, `image`, `status`, `is_admin`, `email_verified_at`, `password`, `remember_token`, `created_at`, `updated_at`, `deleted_at`, `google_id`, `facebook_id`, `twitter_id`, `github_id`) VALUES (4, 'Miss Carolanne DuBuque MD', 'kertzmann.arnoldo@example.org', 'miss-carolanne-dubuque-md', NULL, NULL, 0, 0, '2023-03-26 16:21:29', '$2y$10$92IXUNpkjO0rOQ5byMi.Ye4oKoEa3Ro9llC/.og/at2.uheWG/igi', 'UvEorYqh1wmnCYe7ctQ0ob6oOvardWfcjJ1LFIM4DDAzE3IjSY4vUjHyLP1s', '2023-03-26 16:21:29', '2023-04-07 09:22:22', NULL, NULL, NULL, NULL, NULL);
INSERT INTO `users` (`id`, `name`, `email`, `username`, `about`, `image`, `status`, `is_admin`, `email_verified_at`, `password`, `remember_token`, `created_at`, `updated_at`, `deleted_at`, `google_id`, `facebook_id`, `twitter_id`, `github_id`) VALUES (5, 'Jamaal Krajcik', 'aidan11@example.net', 'jamaal-krajcik', NULL, NULL, 1, 1, '2023-03-26 16:21:29', '$2y$10$92IXUNpkjO0rOQ5byMi.Ye4oKoEa3Ro9llC/.og/at2.uheWG/igi', '68VQbUkhYk', '2023-03-26 16:21:29', '2023-04-02 11:16:01', NULL, NULL, NULL, NULL, NULL);
INSERT INTO `users` (`id`, `name`, `email`, `username`, `about`, `image`, `status`, `is_admin`, `email_verified_at`, `password`, `remember_token`, `created_at`, `updated_at`, `deleted_at`, `google_id`, `facebook_id`, `twitter_id`, `github_id`) VALUES (6, 'Miss Corrine Becker DDS', 'zking@example.com', 'miss-corrine-becker-dds', NULL, NULL, 1, 0, '2023-03-26 16:21:29', '$2y$10$92IXUNpkjO0rOQ5byMi.Ye4oKoEa3Ro9llC/.og/at2.uheWG/igi', 'MB3CGrCF5P', '2023-03-26 16:21:29', '2023-04-02 11:16:01', NULL, NULL, NULL, NULL, NULL);
INSERT INTO `users` (`id`, `name`, `email`, `username`, `about`, `image`, `status`, `is_admin`, `email_verified_at`, `password`, `remember_token`, `created_at`, `updated_at`, `deleted_at`, `google_id`, `facebook_id`, `twitter_id`, `github_id`) VALUES (7, 'Florence Dietrich', 'noe79@example.net', 'florence-dietrich', NULL, NULL, 0, 0, '2023-03-26 16:21:29', '$2y$10$92IXUNpkjO0rOQ5byMi.Ye4oKoEa3Ro9llC/.og/at2.uheWG/igi', 'D4wnDAKJsA', '2023-03-26 16:21:29', '2023-04-07 09:22:26', NULL, NULL, NULL, NULL, NULL);
INSERT INTO `users` (`id`, `name`, `email`, `username`, `about`, `image`, `status`, `is_admin`, `email_verified_at`, `password`, `remember_token`, `created_at`, `updated_at`, `deleted_at`, `google_id`, `facebook_id`, `twitter_id`, `github_id`) VALUES (8, 'Dr. Damian Armstrong', 'josue.donnelly@example.org', 'dr-damian-armstrong', NULL, NULL, 0, 0, '2023-03-26 16:21:29', '$2y$10$92IXUNpkjO0rOQ5byMi.Ye4oKoEa3Ro9llC/.og/at2.uheWG/igi', '4v3fxwTbQm', '2023-03-26 16:21:29', '2023-04-07 09:22:29', NULL, NULL, NULL, NULL, NULL);
INSERT INTO `users` (`id`, `name`, `email`, `username`, `about`, `image`, `status`, `is_admin`, `email_verified_at`, `password`, `remember_token`, `created_at`, `updated_at`, `deleted_at`, `google_id`, `facebook_id`, `twitter_id`, `github_id`) VALUES (9, 'Dejon Stanton', 'ukulas@example.com', 'dejon-stanton', NULL, NULL, 1, 0, '2023-03-26 16:21:29', '$2y$10$92IXUNpkjO0rOQ5byMi.Ye4oKoEa3Ro9llC/.og/at2.uheWG/igi', 'pWU3saeXBJ', '2023-03-26 16:21:29', '2023-04-02 11:16:01', NULL, NULL, NULL, NULL, NULL);
INSERT INTO `users` (`id`, `name`, `email`, `username`, `about`, `image`, `status`, `is_admin`, `email_verified_at`, `password`, `remember_token`, `created_at`, `updated_at`, `deleted_at`, `google_id`, `facebook_id`, `twitter_id`, `github_id`) VALUES (10, 'Mayra Schmidt', 'cbergstrom@example.net', 'mayra-schmidt', NULL, NULL, 1, 0, '2023-03-26 16:21:29', '$2y$10$92IXUNpkjO0rOQ5byMi.Ye4oKoEa3Ro9llC/.og/at2.uheWG/igi', 'CrhyGOlf2v', '2023-03-26 16:21:29', '2023-04-02 11:16:01', NULL, NULL, NULL, NULL, NULL);
INSERT INTO `users` (`id`, `name`, `email`, `username`, `about`, `image`, `status`, `is_admin`, `email_verified_at`, `password`, `remember_token`, `created_at`, `updated_at`, `deleted_at`, `google_id`, `facebook_id`, `twitter_id`, `github_id`) VALUES (11, 'Dr. Maya Schinner DVM', 'madie.dibbert@example.net', 'dr-maya-schinner-dvm', NULL, NULL, 1, 0, '2023-03-26 16:22:10', '$2y$10$92IXUNpkjO0rOQ5byMi.Ye4oKoEa3Ro9llC/.og/at2.uheWG/igi', 'wVZffHoU42', '2023-03-26 16:22:10', '2023-04-02 11:16:01', NULL, NULL, NULL, NULL, NULL);
INSERT INTO `users` (`id`, `name`, `email`, `username`, `about`, `image`, `status`, `is_admin`, `email_verified_at`, `password`, `remember_token`, `created_at`, `updated_at`, `deleted_at`, `google_id`, `facebook_id`, `twitter_id`, `github_id`) VALUES (12, 'Marques Schmeler', 'zcarroll@example.org', 'marques-schmeler', NULL, NULL, 1, 0, '2023-03-26 16:22:10', '$2y$10$92IXUNpkjO0rOQ5byMi.Ye4oKoEa3Ro9llC/.og/at2.uheWG/igi', 'ylDGES6Oig', '2023-03-26 16:22:10', '2023-04-02 11:16:01', NULL, NULL, NULL, NULL, NULL);
INSERT INTO `users` (`id`, `name`, `email`, `username`, `about`, `image`, `status`, `is_admin`, `email_verified_at`, `password`, `remember_token`, `created_at`, `updated_at`, `deleted_at`, `google_id`, `facebook_id`, `twitter_id`, `github_id`) VALUES (13, 'Marcelo Moore', 'donato45@example.net', 'marcelo-moore', NULL, NULL, 1, 0, '2023-03-26 16:22:10', '$2y$10$92IXUNpkjO0rOQ5byMi.Ye4oKoEa3Ro9llC/.og/at2.uheWG/igi', 'phqoN6wYM6', '2023-03-26 16:22:10', '2023-04-02 11:16:01', NULL, NULL, NULL, NULL, NULL);
INSERT INTO `users` (`id`, `name`, `email`, `username`, `about`, `image`, `status`, `is_admin`, `email_verified_at`, `password`, `remember_token`, `created_at`, `updated_at`, `deleted_at`, `google_id`, `facebook_id`, `twitter_id`, `github_id`) VALUES (14, 'Prof. Karelle Leuschke', 'leann40@example.net', 'prof-karelle-leuschke', NULL, NULL, 1, 0, '2023-03-26 16:22:10', '$2y$10$92IXUNpkjO0rOQ5byMi.Ye4oKoEa3Ro9llC/.og/at2.uheWG/igi', '4I2wiwDzDz', '2023-03-26 16:22:10', '2023-04-02 11:16:01', NULL, NULL, NULL, NULL, NULL);
INSERT INTO `users` (`id`, `name`, `email`, `username`, `about`, `image`, `status`, `is_admin`, `email_verified_at`, `password`, `remember_token`, `created_at`, `updated_at`, `deleted_at`, `google_id`, `facebook_id`, `twitter_id`, `github_id`) VALUES (15, 'Forrest Legros', 'terrill.lesch@example.com', 'forrest-legros', NULL, NULL, 1, 0, '2023-03-26 16:22:10', '$2y$10$92IXUNpkjO0rOQ5byMi.Ye4oKoEa3Ro9llC/.og/at2.uheWG/igi', '8tlZl1rR5a', '2023-03-26 16:22:10', '2023-04-02 11:16:01', NULL, NULL, NULL, NULL, NULL);
INSERT INTO `users` (`id`, `name`, `email`, `username`, `about`, `image`, `status`, `is_admin`, `email_verified_at`, `password`, `remember_token`, `created_at`, `updated_at`, `deleted_at`, `google_id`, `facebook_id`, `twitter_id`, `github_id`) VALUES (16, 'Emil Dicki', 'moore.nelle@example.org', 'emil-dicki', NULL, NULL, 1, 0, '2023-03-26 16:22:10', '$2y$10$92IXUNpkjO0rOQ5byMi.Ye4oKoEa3Ro9llC/.og/at2.uheWG/igi', 'F7RPtWpZQE', '2023-03-26 16:22:10', '2023-04-02 11:16:01', NULL, NULL, NULL, NULL, NULL);
INSERT INTO `users` (`id`, `name`, `email`, `username`, `about`, `image`, `status`, `is_admin`, `email_verified_at`, `password`, `remember_token`, `created_at`, `updated_at`, `deleted_at`, `google_id`, `facebook_id`, `twitter_id`, `github_id`) VALUES (17, 'Orlo Predovic', 'jacobs.donnell@example.com', 'orlo-predovic', NULL, NULL, 1, 0, '2023-03-26 16:22:10', '$2y$10$92IXUNpkjO0rOQ5byMi.Ye4oKoEa3Ro9llC/.og/at2.uheWG/igi', 'gVJA4z8EL6', '2023-03-26 16:22:10', '2023-04-02 11:16:01', NULL, NULL, NULL, NULL, NULL);
INSERT INTO `users` (`id`, `name`, `email`, `username`, `about`, `image`, `status`, `is_admin`, `email_verified_at`, `password`, `remember_token`, `created_at`, `updated_at`, `deleted_at`, `google_id`, `facebook_id`, `twitter_id`, `github_id`) VALUES (18, 'Melody Gleichner MD', 'maryam41@example.org', 'melody-gleichner-md', NULL, NULL, 1, 0, '2023-03-26 16:22:10', '$2y$10$92IXUNpkjO0rOQ5byMi.Ye4oKoEa3Ro9llC/.og/at2.uheWG/igi', 'vXZRIHGQAB', '2023-03-26 16:22:10', '2023-04-02 11:16:01', NULL, NULL, NULL, NULL, NULL);
INSERT INTO `users` (`id`, `name`, `email`, `username`, `about`, `image`, `status`, `is_admin`, `email_verified_at`, `password`, `remember_token`, `created_at`, `updated_at`, `deleted_at`, `google_id`, `facebook_id`, `twitter_id`, `github_id`) VALUES (19, 'Sage Bogisich', 'christy.feeney@example.com', 'sage-bogisich', NULL, NULL, 1, 0, '2023-03-26 16:22:10', '$2y$10$92IXUNpkjO0rOQ5byMi.Ye4oKoEa3Ro9llC/.og/at2.uheWG/igi', 'EOlNr1zS7q', '2023-03-26 16:22:10', '2023-04-02 11:16:01', NULL, NULL, NULL, NULL, NULL);
INSERT INTO `users` (`id`, `name`, `email`, `username`, `about`, `image`, `status`, `is_admin`, `email_verified_at`, `password`, `remember_token`, `created_at`, `updated_at`, `deleted_at`, `google_id`, `facebook_id`, `twitter_id`, `github_id`) VALUES (20, 'Beatrice Jones I', 'bud.mcglynn@example.net', 'beatrice-jones-i', NULL, NULL, 1, 0, '2023-03-26 16:22:10', '$2y$10$92IXUNpkjO0rOQ5byMi.Ye4oKoEa3Ro9llC/.og/at2.uheWG/igi', 'n6aiYdLd9bZeyXQd83y3k9DwF7EGhb5Wdwlf6uK7u585qfdOHJe9BjTlx50a', '2023-03-26 16:22:10', '2023-04-02 11:16:01', NULL, NULL, NULL, NULL, NULL);
INSERT INTO `users` (`id`, `name`, `email`, `username`, `about`, `image`, `status`, `is_admin`, `email_verified_at`, `password`, `remember_token`, `created_at`, `updated_at`, `deleted_at`, `google_id`, `facebook_id`, `twitter_id`, `github_id`) VALUES (21, 'Karly Reynolds', 'xynepapa@mailinator.com', 'qolerof', NULL, NULL, 1, 0, '2023-04-07 09:06:59', '$2y$10$0AAsEKuKiCNwg796Y8Vg5.Axz.93cLKG1ICNcLBG95LTczudS06je', NULL, '2023-04-07 08:31:36', '2023-04-07 09:06:59', NULL, NULL, NULL, NULL, NULL);
INSERT INTO `users` (`id`, `name`, `email`, `username`, `about`, `image`, `status`, `is_admin`, `email_verified_at`, `password`, `remember_token`, `created_at`, `updated_at`, `deleted_at`, `google_id`, `facebook_id`, `twitter_id`, `github_id`) VALUES (22, 'India Lyons', 'zatakem@mailinator.com', 'vyxopiwub', NULL, NULL, 0, 0, NULL, '$2y$10$/luPrzmvsuKiOAJF7ban2.fnsXEbucEYvKtj0GCp3BRox7EBvJAgC', NULL, '2023-04-07 22:21:14', '2023-04-07 22:21:14', NULL, NULL, NULL, NULL, NULL);
INSERT INTO `users` (`id`, `name`, `email`, `username`, `about`, `image`, `status`, `is_admin`, `email_verified_at`, `password`, `remember_token`, `created_at`, `updated_at`, `deleted_at`, `google_id`, `facebook_id`, `twitter_id`, `github_id`) VALUES (23, 'Aygün Keçe', 'aygun@gmail.com', 'aygunkece', NULL, NULL, 0, 0, NULL, '$2y$10$qo39X7XHwjfaJm9tS8I/3.jZku.cznioLzUdxETMXETba4UIiGU6C', NULL, '2023-04-09 12:25:14', '2023-04-09 12:25:14', NULL, NULL, NULL, NULL, NULL);
INSERT INTO `users` (`id`, `name`, `email`, `username`, `about`, `image`, `status`, `is_admin`, `email_verified_at`, `password`, `remember_token`, `created_at`, `updated_at`, `deleted_at`, `google_id`, `facebook_id`, `twitter_id`, `github_id`) VALUES (24, 'Aygün keçe 2', 'ayygun@gmail.com', 'aygunnkece', NULL, NULL, 0, 0, NULL, '$2y$10$qNS0afiC75KF.IAsjpIFxuzgtrf8U70E2GVZfG9Q/iwR2tg3.XUgq', NULL, '2023-04-09 12:33:36', '2023-04-09 12:33:36', NULL, NULL, NULL, NULL, NULL);
INSERT INTO `users` (`id`, `name`, `email`, `username`, `about`, `image`, `status`, `is_admin`, `email_verified_at`, `password`, `remember_token`, `created_at`, `updated_at`, `deleted_at`, `google_id`, `facebook_id`, `twitter_id`, `github_id`) VALUES (25, 'Aygün Keçe 3', 'aygun3@gmail.com', 'aygunkece3', NULL, NULL, 0, 0, NULL, '$2y$10$sTR0wpK5xLDqrf28LlwRGe6XNHwFGDJi.YwWjP4n2mrZHOz4wIihy', NULL, '2023-04-09 12:34:37', '2023-04-09 12:34:37', NULL, NULL, NULL, NULL, NULL);
INSERT INTO `users` (`id`, `name`, `email`, `username`, `about`, `image`, `status`, `is_admin`, `email_verified_at`, `password`, `remember_token`, `created_at`, `updated_at`, `deleted_at`, `google_id`, `facebook_id`, `twitter_id`, `github_id`) VALUES (26, 'Aygün Keçe 4', 'aygun4@gmail.com', 'aygunkece4', NULL, NULL, 0, 0, NULL, '$2y$10$yDxR1dz5rYUlohOet5eC/usIJ.qsHfnqMVV.Zn63/FV2zONSdaClC', NULL, '2023-04-09 12:36:42', '2023-04-09 12:36:42', NULL, NULL, NULL, NULL, NULL);
INSERT INTO `users` (`id`, `name`, `email`, `username`, `about`, `image`, `status`, `is_admin`, `email_verified_at`, `password`, `remember_token`, `created_at`, `updated_at`, `deleted_at`, `google_id`, `facebook_id`, `twitter_id`, `github_id`) VALUES (27, 'Aygün Keçe 5', 'aygun5@gmail.com', 'aygunkece5', NULL, NULL, 1, 0, '2023-04-09 13:44:53', '$2y$10$xuYJpqs20/6Qn4hEqqNgx.f4MOaRQBfmkfaVsfmPnyBVc.elPbwcC', NULL, '2023-04-09 12:42:34', '2023-04-09 13:44:53', NULL, NULL, NULL, NULL, NULL);
INSERT INTO `users` (`id`, `name`, `email`, `username`, `about`, `image`, `status`, `is_admin`, `email_verified_at`, `password`, `remember_token`, `created_at`, `updated_at`, `deleted_at`, `google_id`, `facebook_id`, `twitter_id`, `github_id`) VALUES (28, 'Sercan Özen', 'sercan2@gmail.com', 'sercanozn', NULL, NULL, 0, 0, NULL, '$2y$10$HNkrTkU1qdOsha2w10xyBO.zBvmiezDBTqf.gX..yGmftCgCyyRfq', NULL, '2023-04-09 13:59:16', '2023-04-09 13:59:16', NULL, NULL, NULL, NULL, NULL);
INSERT INTO `users` (`id`, `name`, `email`, `username`, `about`, `image`, `status`, `is_admin`, `email_verified_at`, `password`, `remember_token`, `created_at`, `updated_at`, `deleted_at`, `google_id`, `facebook_id`, `twitter_id`, `github_id`) VALUES (29, 'Sercan Özen3', 'sercan3@gmail.com', 'sercanozn3', NULL, NULL, 1, 0, '2023-04-09 14:02:30', '$2y$10$0zhdS8ZP9cWs8YhBMDYHZunH31CwriytPlVV01olnhtmXfuOuCqQm', NULL, '2023-04-09 14:02:14', '2023-04-09 14:02:30', NULL, NULL, NULL, NULL, NULL);
INSERT INTO `users` (`id`, `name`, `email`, `username`, `about`, `image`, `status`, `is_admin`, `email_verified_at`, `password`, `remember_token`, `created_at`, `updated_at`, `deleted_at`, `google_id`, `facebook_id`, `twitter_id`, `github_id`) VALUES (30, 'Recep Gökdemir4', 'recep4@gmail.com', 'ggrecep', NULL, NULL, 0, 0, NULL, '$2y$10$QXBH5i1ruxXD9s71GXbFeO8Gp6KJ/C9ab4YXgH7E69OzU4ePavWJi', NULL, '2023-04-09 14:06:14', '2023-04-09 14:06:14', NULL, NULL, NULL, NULL, NULL);
INSERT INTO `users` (`id`, `name`, `email`, `username`, `about`, `image`, `status`, `is_admin`, `email_verified_at`, `password`, `remember_token`, `created_at`, `updated_at`, `deleted_at`, `google_id`, `facebook_id`, `twitter_id`, `github_id`) VALUES (31, 'Sonia Avila', 'kesubu@mailinator.com', 'sudolyqyx', NULL, NULL, 0, 0, NULL, '$2y$10$iacn77fkvPjgg2L65fB7CexakcphY4R/4/ZoXW6DYChBPMSKY5Y7q', NULL, '2023-04-09 14:11:20', '2023-04-09 14:11:20', NULL, NULL, NULL, NULL, NULL);
INSERT INTO `users` (`id`, `name`, `email`, `username`, `about`, `image`, `status`, `is_admin`, `email_verified_at`, `password`, `remember_token`, `created_at`, `updated_at`, `deleted_at`, `google_id`, `facebook_id`, `twitter_id`, `github_id`) VALUES (32, 'Sybill Mccarty', 'taguxysa@mailinator.com', 'vusylyq', NULL, NULL, 0, 0, NULL, '$2y$10$Q6B9v/.TpXHiVXoRahEb5.zdpV6RduhLFi.1s.OfDruSHO.oT9b2W', NULL, '2023-04-09 14:20:20', '2023-04-09 14:20:20', NULL, NULL, NULL, NULL, NULL);
INSERT INTO `users` (`id`, `name`, `email`, `username`, `about`, `image`, `status`, `is_admin`, `email_verified_at`, `password`, `remember_token`, `created_at`, `updated_at`, `deleted_at`, `google_id`, `facebook_id`, `twitter_id`, `github_id`) VALUES (33, 'Brock Cunningham', 'donyfurof@mailinator.com', 'wanoviby', NULL, NULL, 0, 0, NULL, '$2y$10$Q.W6ZMstcgcfVxrE7v9NR./PO.o3hyu/PGNPj9inWlRwOeGVJUXMa', NULL, '2023-04-09 14:22:34', '2023-04-09 14:22:34', NULL, NULL, NULL, NULL, NULL);
INSERT INTO `users` (`id`, `name`, `email`, `username`, `about`, `image`, `status`, `is_admin`, `email_verified_at`, `password`, `remember_token`, `created_at`, `updated_at`, `deleted_at`, `google_id`, `facebook_id`, `twitter_id`, `github_id`) VALUES (34, 'Quemby Lester', 'foqalis@mailinator.com', 'qyciziqeri', NULL, NULL, 0, 0, NULL, '$2y$10$ARnlAB0BtNn9A68nwJA1duCb5HOMRyC1DYCOYi.Slry5Ucjq7BwYe', NULL, '2023-04-09 14:28:39', '2023-04-09 14:28:39', NULL, NULL, NULL, NULL, NULL);
INSERT INTO `users` (`id`, `name`, `email`, `username`, `about`, `image`, `status`, `is_admin`, `email_verified_at`, `password`, `remember_token`, `created_at`, `updated_at`, `deleted_at`, `google_id`, `facebook_id`, `twitter_id`, `github_id`) VALUES (35, 'Ryder Barry', 'tuqadesuba@mailinator.com', 'pojolocywi', NULL, NULL, 0, 0, NULL, '$2y$10$/iB1PIIrQpKtAR4o26wJUeFVJIplkM/tWnuHiD/jjvalZJ/1Z8ax6', NULL, '2023-04-09 14:33:52', '2023-04-09 14:33:52', NULL, NULL, NULL, NULL, NULL);
INSERT INTO `users` (`id`, `name`, `email`, `username`, `about`, `image`, `status`, `is_admin`, `email_verified_at`, `password`, `remember_token`, `created_at`, `updated_at`, `deleted_at`, `google_id`, `facebook_id`, `twitter_id`, `github_id`) VALUES (36, 'Oprah Patel', 'wubaxoq@mailinator.com', 'wijidu', NULL, NULL, 0, 0, NULL, '$2y$10$ejfnAM4E.wqHpc/QqhlGJu5ax/AcGWpZUnXULmOe7N5GI0jIJ72we', NULL, '2023-04-09 14:35:14', '2023-04-09 14:35:14', NULL, NULL, NULL, NULL, NULL);
INSERT INTO `users` (`id`, `name`, `email`, `username`, `about`, `image`, `status`, `is_admin`, `email_verified_at`, `password`, `remember_token`, `created_at`, `updated_at`, `deleted_at`, `google_id`, `facebook_id`, `twitter_id`, `github_id`) VALUES (37, 'Tyrone Hansen', 'busapov@mailinator.com', 'sopin', NULL, NULL, 0, 0, NULL, '$2y$10$MMeqsZArn0reo5UApaTmD.IGS2VJGCNEQnxI5hlMtP/JyuBG7mWMW', NULL, '2023-04-09 15:27:49', '2023-04-09 15:27:49', NULL, NULL, NULL, NULL, NULL);
INSERT INTO `users` (`id`, `name`, `email`, `username`, `about`, `image`, `status`, `is_admin`, `email_verified_at`, `password`, `remember_token`, `created_at`, `updated_at`, `deleted_at`, `google_id`, `facebook_id`, `twitter_id`, `github_id`) VALUES (38, 'Tucker Chen', 'wonevyqy@mailinator.com', 'rolan', NULL, NULL, 0, 0, NULL, '$2y$10$cC3exPmD/6fxpbwNPunuFOUKBmsvh8aWTtklYUCz9Eg08knLS.coy', NULL, '2023-04-09 15:31:40', '2023-04-09 15:31:40', NULL, NULL, NULL, NULL, NULL);
INSERT INTO `users` (`id`, `name`, `email`, `username`, `about`, `image`, `status`, `is_admin`, `email_verified_at`, `password`, `remember_token`, `created_at`, `updated_at`, `deleted_at`, `google_id`, `facebook_id`, `twitter_id`, `github_id`) VALUES (39, 'Fuller Hubbard', 'lybynunyqe@mailinator.com', 'rukevuvi', NULL, NULL, 0, 0, NULL, '$2y$10$45Yohu3sBEhk1YIysGStRORvABlE63d6EaBedTaLtXuqgG7.o8Kcq', NULL, '2023-04-09 15:32:55', '2023-04-09 15:32:55', NULL, NULL, NULL, NULL, NULL);
INSERT INTO `users` (`id`, `name`, `email`, `username`, `about`, `image`, `status`, `is_admin`, `email_verified_at`, `password`, `remember_token`, `created_at`, `updated_at`, `deleted_at`, `google_id`, `facebook_id`, `twitter_id`, `github_id`) VALUES (40, 'Aygün Keçe', 'aygunkece@gmail.com', 'aygun-kece', NULL, NULL, 1, 0, '2023-04-09 15:51:57', '$2y$10$agM8zOzuPB/cUm6fF0UhTuO1D/bUV/H4dPodHZMEwISNiI3dsN79K', NULL, '2023-04-09 15:51:57', '2023-04-09 15:51:57', NULL, '113970400309425628702', NULL, NULL, NULL);
COMMIT;

-- ----------------------------
-- Table structure for users_verify
-- ----------------------------
DROP TABLE IF EXISTS `users_verify`;
CREATE TABLE `users_verify` (
  `user_id` bigint(20) unsigned NOT NULL,
  `token` varchar(255) NOT NULL,
  `created_at` timestamp NULL DEFAULT NULL,
  `updated_at` timestamp NULL DEFAULT NULL,
  KEY `users_verify_user_id_foreign` (`user_id`),
  CONSTRAINT `users_verify_user_id_foreign` FOREIGN KEY (`user_id`) REFERENCES `users` (`id`) ON DELETE CASCADE
) ENGINE=InnoDB DEFAULT CHARSET=utf8;

-- ----------------------------
-- Records of users_verify
-- ----------------------------
BEGIN;
INSERT INTO `users_verify` (`user_id`, `token`, `created_at`, `updated_at`) VALUES (21, 'M5s6GwuC5nRgEWxhOKiDgyoEky23CZN3apmeQ0O2xu2xlxFYOCcYLNhhfgLb', '2023-04-07 08:31:36', '2023-04-07 08:31:36');
INSERT INTO `users_verify` (`user_id`, `token`, `created_at`, `updated_at`) VALUES (22, 'JJ2SAKk8YM74qewS090bqOrPdBc8ZSIEO00Nt7p2VVBO6pg2Rkw7VNG7z9K3', '2023-04-07 22:21:14', '2023-04-07 22:21:14');
INSERT INTO `users_verify` (`user_id`, `token`, `created_at`, `updated_at`) VALUES (24, 'hzmHCWOFSaAaASrPqowDxoDXrGvqBeOw2zJakNCEvREi0VXzS8ReXMcdKlw6', '2023-04-09 12:33:36', '2023-04-09 12:33:36');
INSERT INTO `users_verify` (`user_id`, `token`, `created_at`, `updated_at`) VALUES (25, 'oUaXmKAW69pmuZUQx3lEs1xZI2BGpYANN3KD9M9NRT0jR2HSBSxvcKCvmbQn', '2023-04-09 12:34:37', '2023-04-09 12:34:37');
INSERT INTO `users_verify` (`user_id`, `token`, `created_at`, `updated_at`) VALUES (26, 'NfhwzqN1wjYGu1nw29JFD9MGjymUGvIN6xtgIsMKwtvVk8miVhjECTIgfOF0', '2023-04-09 12:36:42', '2023-04-09 12:36:42');
INSERT INTO `users_verify` (`user_id`, `token`, `created_at`, `updated_at`) VALUES (28, 'gRxYcItPjJQgNKCfuJwAX8vRFHA0cgHVmXZEIT9ujVgNPcUZG3pGIxua3HR1', '2023-04-09 13:59:16', '2023-04-09 13:59:16');
INSERT INTO `users_verify` (`user_id`, `token`, `created_at`, `updated_at`) VALUES (30, 'WZy5Ce3VMOpJmz8IxDbZUq2TO9ND98yD8Do5PcooADnv3VXDo649OtndG3UJ', '2023-04-09 14:06:14', '2023-04-09 14:06:14');
INSERT INTO `users_verify` (`user_id`, `token`, `created_at`, `updated_at`) VALUES (31, 'G0jcFqkQQoYtKg4b2FOywNt5aXIVzHPVpcBlCHbzO14pghDLBLQ62ZgBwDpT', '2023-04-09 14:11:20', '2023-04-09 14:11:20');
INSERT INTO `users_verify` (`user_id`, `token`, `created_at`, `updated_at`) VALUES (32, 'iiyobz1wy1RLlIJLkACKusaxkxKJdscoDx76BBJfcKQivP39QosnVqsufnA1', '2023-04-09 14:20:20', '2023-04-09 14:20:20');
INSERT INTO `users_verify` (`user_id`, `token`, `created_at`, `updated_at`) VALUES (33, 'z7I9bwu8q8unB5rqhgknCklErQwYqTnHRmHKRox3DtvDhpet41USncy0QvN8', '2023-04-09 14:22:34', '2023-04-09 14:22:34');
INSERT INTO `users_verify` (`user_id`, `token`, `created_at`, `updated_at`) VALUES (34, 'zDIj49vEusOMv9IU1T2M4xDWPVFMACRP7Yk7sslE9WUj1jwZxpR6YlEXuiuv', '2023-04-09 14:28:39', '2023-04-09 14:28:39');
INSERT INTO `users_verify` (`user_id`, `token`, `created_at`, `updated_at`) VALUES (35, 'MzW0xbW3C17HMFLCtgjixsAwjolGKlPIORNSjIn1ceJMBXEFRfxQ5XbqWptR', '2023-04-09 14:33:52', '2023-04-09 14:33:52');
INSERT INTO `users_verify` (`user_id`, `token`, `created_at`, `updated_at`) VALUES (36, 'hdikgOKSPK3aXaGP4AiQEYlICgUwaMCUMgiIp9EmIHTWkntV3jpcUaKSVySF', '2023-04-09 14:35:14', '2023-04-09 14:35:14');
INSERT INTO `users_verify` (`user_id`, `token`, `created_at`, `updated_at`) VALUES (38, 'T0Q1lG041Lrft1q0wcpNdH1FbErMica0vx75649e0Ms3oikxWhdUedCzvIqJ', '2023-04-09 15:31:40', '2023-04-09 15:31:40');
INSERT INTO `users_verify` (`user_id`, `token`, `created_at`, `updated_at`) VALUES (39, 'pnQJNQY2ZEU5e3hzx8oPLQi7pbgMGt9T6jQosG0JPK5FT1uCMrr3JzGzDeED', '2023-04-09 15:32:55', '2023-04-09 15:32:55');
INSERT INTO `users_verify` (`user_id`, `token`, `created_at`, `updated_at`) VALUES (40, 'FXSdo6JDNJt1zgAMcQPungQqTsx8RWbh3JWEhJcW2RN1xsBHPYTXU603xgAM', '2023-04-09 15:51:57', '2023-04-09 15:51:57');
COMMIT;

SET FOREIGN_KEY_CHECKS = 1;
